Generic_ID,Generic_Name,Drug_Class_ID
1,23 herb formula to increase breast milk,208
2,Abacavir + Lamivudine + Zidovudine,147
3,Abemaciclib,346
4,Abhayarista,208
5,Abiraterone Acetate,125
6,Acacia + Dates + Asparagus + Edible Pine,208
7,Acalabrutinib,405
8,Acarbose,10
9,Aceclofenac,156
10,Acemetacin,279
11,Acetate Formulation [Hemodialysis Solution],201
12,Acetazolamide,94
13,Acetylcysteine,39
14,Acidic component [HCO3 Hemodialysis Solution],201
15,Acitretin,299
16,Aclidinium Bromide + Formoterol Fumarate,112
17,Activated Charcoal,39
18,Acyclovir (Injection),209
19,Acyclovir (Ophthalmic),285
20,Acyclovir (Oral),209
21,Acyclovir (Topical),395
22,Acyclovir + Hydrocortisone,215
23,Adalimumab,220
24,Adapalene,397
25,Adapalene + Benzoyl peroxide,397
26,Adefovir Dipivoxil,206
27,Adenosine,326
28,Adhatoda vasica + Centella asiatica,0
29,Adrenaline,303
30,Adsorbed Tetanus Vaccine,409
31,Afatinib Dimaleate,405
32,Aflibercept,125
33,Agomelatine,65
34,Albendazole,20
35,Albumin (Human),334
36,Alcaftadine,282
37,Alectinib,346
38,Alendronic acid,83
39,Alendronic Acid + Vitamin D3,117
40,Alfacalcidol,413
41,Alfuzosin Hydrochloride,86
42,Allium cepa + Heparin + Allantoin,0
43,Allopurinol,164
44,Allylestrenol,183
45,Almitrine Bismesylate + Raubasine,99
46,Almond + Coconut + Edible Pine + Salep,208
47,Almotriptan,2
48,Aloe + Black Pepper + Henbane,208
49,Aloe indica+ Hyoscyamus niger + Piper nigrum,208
50,Alogliptin Benzoate,130
51,Alpha Lipoic Acid,0
52,Alphanate,203
53,Alprazolam,75
54,Alteplase,185
55,Aluminium Chloride + Melaleuca Alternifolia Oil + Geothermal water,257
56,Aluminium Chloride Hexahydrate,257
57,Aluminium Hydroxide + Magnesium Hydroxide,19
58,Aluminium Hydroxide + Magnesium Hydroxide + Simethicone,19
59,Aluminium Oxide + Magnesium Trisilicate,18
60,Alverine Citrate,31
61,Amalaki Rasayana,208
62,Amantadine Hydrochloride,355
63,Ambar Momiyaee,208
64,Ambergris + Salep + Galangal,208
65,Ambrisentan,49
66,Ambroxol Hydrochloride,121
67,Amikacin,11
68,Amino Acid,325
69,Amino Acid + Calcium,162
70,Amino Acid + Dextrose + Eloctrolytes,325
71,Amino Acid + D-Sorbitol + Electrolytes,325
72,Amino Acid + Glucose + Electrolytes,325
73,Amino Acid Keto Analogues,312
74,Aminocaproic acid,42
75,Aminophylline,88
76,Amiodarone Hydrochloride,336
77,Amisulpride,66
78,Amitriptyline Hydrochloride,403
79,Amitriptyline Hydrochloride + Chlordiazepoxide,111
80,Amlexanox,0
81,Amlodipine Besilate,92
82,Amlodipine Besilate + Atenolol,110
83,Amlodipine Besilate + Atorvastatin,26
84,Amlodipine Besilate + Benazepril Hydrochloride,110
85,Amlodipine Besilate + Olmesartan Medoxomil,110
86,Amlodipine Besilate + Telmisartan,110
87,Amlodipine Besilate + Valsartan,110
88,Amorolfine Hydrochloride (cream),392
89,Amorolfine Hydrochloride (Nail Lacquer),316
90,Amoxicillin + Clavulanic Acid,87
91,Amoxicillin Trihydrate,87
92,Amphotericin B,307
93,Ampicillin Sodium,0
94,Anastrozole,210
95,Andrographis paniculata,208
96,Anidulafungin,172
97,Aniseed + Indian dill + Black cardamom + Peppermint,208
98,Antacid [Unani],208
99,Antazoline + Tetryzoline,315
100,Antihemophilic Factor [Factor VIII],45
101,Antioxidants and Micronutrients,55
102,Anti-Thymocyte Globulin,409
103,Apis mellifica + Gelsemium sempervirens + Gnaphalium,0
104,Apixaban,185
105,Apremilast,132
106,Aprepitant,41
107,Arabinoxylan,219
108,Aravindasav,208
109,Arformoterol Tartrate,88
110,Aripiprazole,66
111,Arjunarista,208
112,Armodafinil,105
113,Artemether,52
114,Artemether + Lumefantrine,52
115,Artesunate,52
116,Articaine Hydrochloride + Epinephrine,232
117,Ashokarista,208
118,Aspartame,297
119,Aspirin,59
120,Aspirin + Dipyridamole,59
121,Astaxanthin,377
122,Aswagandharista,208
123,Atenolol,78
124,Atenolol + Chlorthalidone,110
125,Atezolizumab,409
126,Atomoxetine Hydrochloride,105
127,Atorvastatin + Ezetimibe,314
128,Atorvastatin Calcium,304
129,Atosiban Acetate,316
130,Atracurium Besilate,273
131,Atropine Sulfate,262
132,Aushokarist [Saraca Indica],208
133,Avanafil,144
134,Axitinib,381
135,Azathioprine,126
136,Azelaic Acid,4
137,Azelastine Hydrochloride (Eye drop),47
138,Azelastine Hydrochloride (Nasal Spray),264
139,Azelastine Hydrochloride + Fluticasone Propionate,267
140,Azilsartan Medoxomil,17
141,Azilsartan Medoxomil + Chlorthalidone,110
142,Azithromycin Dihydrate,0
143,Azithromycin Dihydrate (Ophthalmic),244
144,Aztreonam,309
145,Bacillus Clausii spores,0
146,Bacitracin Zinc + Polymyxin B Sulfate,283
147,Baclofen,98
148,Bacopa extract [Natural memory enhancer],208
149,Balanced Salt Solution,228
150,Balarista,208
151,Baloxavir Marboxil,355
152,Bambuterol Hydrochloride,362
153,Bandish [Oak Galls; Tannic acid],208
154,Baricitinib,220
155,Barium Sulfate,119
156,Barsina,208
157,Basiliximab,126
158,Beclometasone Dipropionate + Formoterol Fumarate,353
159,Beclomethasone Dipropionate (Inhaler),353
160,Beclomethasone Dipropionate (Nasal Spray),267
161,Beclomethasone Dipropionate + Chloramphenicol + Clotrimazole + Lidocaine,43
162,Belgiri [Bael fruit + Connessi bark],208
163,Bempedoic acid,0
164,Bendamustine,125
165,Benzalkonium chloride,85
166,Benzathine Penicillin,238
167,Benzocaine,232
168,Benzocaine + Butamben + Tetracaine Hydrochloride,396
169,Benzocaine + Camphor + Methanol + Phenol,396
170,Benzoic Acid + Salicylic Acid,307
171,Benzoyl Peroxide,4
172,Benzydamine Hydrochloride,394
173,Benzyl Alcohol,317
174,Benzyl Benzoate,322
175,Benzyl Penicillin,77
176,Bepotastine Besilate,282
177,Besifloxacin,283
178,Betacarotene + Vitamin C + Vitamin E,56
179,Betahistine Dihydrochloride,165
180,Betahistine Mesylate,165
181,Betamethasone,120
182,Betamethasone + Calcipotriol,80
183,Betamethasone + Clotrimazole,80
184,Betamethasone + Clotrimazole + Gentamicin,80
185,Betamethasone + Gentamicin,319
186,Betamethasone + Neomycin Sulphate (E/E),288
187,Betamethasone + Neomycin Sulphate (Topical),69
188,Betamethasone + Phenylephrine + Lignocaine,332
189,Betamethasone Dipropionate,120
190,Betamethasone Dipropionate + Salicylic Acid,394
191,Betamethasone Sodium Phosphate,120
192,Betamethasone Valerate,120
193,Betaxolol Hydrochloride,154
194,Betrixaban,59
195,Bevacizumab,381
196,Bicalutamide,210
197,Bicarbonate Component [HCO3 Hemodialysis Solution],201
198,Bilastine,278
199,Bilberry fruit [Vaccinium myrtillus L],208
200,Bimatoprost,154
201,Bimatoprost + Timolol,315
202,Biotin,208
203,Biphasic Insulin Aspart [rDNA],107
204,Bisacodyl,370
205,Bismuth Subsalicylate,0
206,Bisoprolol Fumarate + Amlodipine Besilate,49
207,Bisoprolol Fumarate + Hydrochlorothiazide,110
208,Bisoprolol Hemifumarate,21
209,Bitter Melon [Korola],208
210,Bivalirudin,59
211,Black Cohosh [Cimicifuga Racemosa],208
212,Bleomycin Sulfate,125
213,Bortezomib,381
214,Bosentan Monohydrate,49
215,Brahmi Rasayan,208
216,Brexpiprazole,73
217,Brigatinib,125
218,Brimonidine Tartrate,154
219,Brimonidine Tartrate + Timolol Maleate,154
220,Brinzolamide,154
221,Brinzolamide + Brimonidine Tartrate,154
222,Brinzolamide + Timolol,154
223,Brivaracetam,6
224,Bromazepam,75
225,Bromelain + Trypsin,178
226,Bromfenac Sodium,287
227,Bromhexine Hydrochloride,121
228,Bromocriptine Mesylate,58
229,Budesonide (Inhaler),265
230,Budesonide (Nasal Spray),265
231,Budesonide (Nebuliser Suspension),265
232,Budesonide (Tablet),407
233,Budesonide + Formoterol Fumarate,0
234,Bumetanide,240
235,Bupivacaine Hydrochloride,352
236,Bupivacaine Hydrochloride + Dextrose,352
237,Bupropion Hydrochloride,65
238,Busulfan,125
239,Butamirate Citrate,122
240,Butenafine Hydrochloride,392
241,Butoconazole Nitrate,169
242,Buzuri,208
243,Cabazitaxel,125
244,Cabergoline,58
245,Cabozantinib,405
246,Caffeine Citrate,321
247,Calamine + Zinc Oxide + Glycerine,233
248,Calcipotriol Monohydrate,400
249,Calcitriol,413
250,Calcitriol + Calcium Citrate,366
251,Calcium + Vitamin D3 + Vitamin C + Vitamin E + Multimineral,366
252,Calcium Acetate,0
253,Calcium Carbonate,254
254,Calcium Carbonate [Algae source] + Vitamin D3,366
255,Calcium Carbonate [Coral source] + Vitamin D3,366
256,Calcium Carbonate [Eggshell Source] + Vitamin D3,366
257,Calcium Carbonate [Elemental source] + Vitamin D3,366
258,Calcium Carbonate + Vitamin D3 + Multimineral,366
259,Calcium Dobesilate,410
260,Calcium Dobesilate + Lidocaine + Dexamethasone,160
261,Calcium Folinate [Folinic Acid],378
262,Calcium Gluconate,254
263,Calcium Lactate,254
264,Calcium Lactate Gluconate + Calcium Carbonate + Vitamin C,366
265,Calcium Lactate Gluconate + Calcium Carbonate + Vitamin C + Vitamin D3,366
266,Calcium Lactate Gluconate + Calcium Carbonate + Vitamin D3,366
267,Calcium Lactate Gluconate + Coral Calcium + Vitamin C + Vitamin D3,366
268,Calcium Orotate,254
269,Calcium Pantothenate,254
270,Calcium Polystyrene Sulfonate,217
271,Calendula Officinalis [Marigold],208
272,Camphor + Menthol + Oil Clove + Oil Eucalyptus + Oil Turpentine,388
273,Camphor + Thymol + Menthol + Eucalyptus oil,208
274,Canagliflozin Hemihydrate,364
275,Candesartan Cilexetil,17
276,Candesartan Cilexetil + Hydrochlorothiazide,110
277,Capecitabine,125
278,Caprylic + Capric Triglyceride,175
279,Capsaicin,388
280,Captopril,16
281,Carbamazepine,343
282,Carbetocin,135
283,Carbimazole,60
284,Carbocisteine,121
285,Carbonyl Iron + Folic Acid,226
286,Carbonyl Iron + Folic Acid + Zinc Sulfate,227
287,Carbonyl Iron + Folic Acid + Zinc Sulfate + Vitamin B Complex + Vitamin C,227
288,Carboplatin,125
289,Carboprost Tromethamine,135
290,Carboxymethylcellulose Sodium,0
291,Carboxymethylcellulose Sodium + Glycerin,143
292,Carboxymethylcellulose Sodium + Hypromellose,143
293,Carica Papaya Leaf Extract,208
294,Carisoprodol,234
295,Carmellose Sodium,143
296,Carvedilol,8
297,Casirivimab + Imdevimab,0
298,Cefaclor Monohydrate,357
299,Cefadroxil Monohydrate,186
300,Cefazolin Sodium,186
301,Cefdinir,386
302,Cefditoren,386
303,Cefepime Hydrochloride,189
304,Cefixime Trihydrate,386
305,Cefoperazone Sodium,386
306,Cefotaxime,386
307,Cefoxitin,357
308,Cefpirome Sulphate,189
309,Cefpodoxime Proxetil,386
310,Cefpodoxime Proxetil + Clavulanic Acid,386
311,Cefprozil,357
312,Ceftazidime + Avibactam,0
313,Ceftazidime Pentahydrate,386
314,Ceftibuten Dihydrate,386
315,Ceftriaxone Sodium,386
316,Cefuroxime Axetil,357
317,Cefuroxime Axetil + Clavulanic Acid,357
318,Celecoxib,156
319,Celiprolol Hydrochloride,79
320,Cephalexin,186
321,Cephradine,186
322,Ceritinib,0
323,Cetalkonium Chloride + Choline Salicylate,279
324,Cetirizine Hydrochloride,358
325,Cetirizine Hydrochloride (Ophthalmic),282
326,Cetrorelix Acetate,136
327,Cetuximab,381
328,Chebulic Myrobalan + Barberry,208
329,Chirata [Swertia Chirata],208
330,Chlorambucil,125
331,Chloramphenicol (Ophthalmic),244
332,Chloramphenicol (Oral),244
333,Chloramphenicol + Lidocaine Hydrochloride,67
334,Chlorhexidine Gluconate [0.2%],305
335,Chlorhexidine Gluconate [1%],305
336,Chlorhexidine Gluconate [4%],305
337,Chlorhexidine Gluconate [7.1%],85
338,Chlorhexidine Gluconate + Cetrimide,102
339,Chlorhexidine Gluconate + Isopropyl alcohol,102
340,Chlorhexidine Hydrochloride + Cetrimide,102
341,Chlorhexidine hydrochloride + Nystatin,102
342,Chloroquine Phosphate,52
343,Chloroxylenol,102
344,Chloroxylenol + Triclosan,102
345,Chlorpheniramine Maleate,358
346,Chlorpromazine Hydrochloride,41
347,Chlorthalidone,384
348,Cholera Saline,224
349,Choriogonadotropin Alpha,183
350,Ciclesonide (Inhalation Aerosol),353
351,Ciclesonide (Nasal Spray),353
352,Ciclopirox Olamine (Cream),392
353,Ciclopirox Olamine (Nail Lacquer),316
354,Ciclopirox Olamine (Shampoo),392
355,Cilnidipine,92
356,Cilostazol,328
357,Cinacalcet,91
358,Cinchocaine + Hydrocortisone + Framycetin + Esculin,118
359,Cinchocaine + Hydrocortisone + Neomycin + Esculin,118
360,Cinchocaine Hydrochloride,232
361,Cinnarizine,24
362,Cinnarizine + Dimenhydrinate,24
363,Ciprofibrate,0
364,Ciprofloxacin,36
365,Ciprofloxacin (Ophthalmic),67
366,Ciprofloxacin + Dexamethasone,69
367,Ciprofloxacin + Hydrocortisone Acetate,69
368,Cisplatin,125
369,Citalopram Hydrobromide,368
370,Citicoline Sodium,105
371,Citric Acid Monohydrate,122
372,Clarithromycin,244
373,Clascoterone,4
374,Clindamycin,244
375,Clindamycin (Lotion),244
376,Clindamycin (Vaginal Cream),244
377,Clindamycin + Benzoyl peroxide,76
378,Clindamycin + Tretinoin,389
379,Clioquinol + Flumetasone Pivalate,69
380,Clobazam,74
381,Clobetasol Propionate (Scalp Preparation),319
382,Clobetasol Propionate (Topical Preparation),319
383,Clobetasol Propionate + Neomycin Sulphate + Nystatin,104
384,Clobetasol Propionate + Ofloxacin + Ornidazole + Terbinafine,104
385,Clobetasol Propionate + Salicylic Acid,104
386,Clobetasone Butyrate,104
387,Clomiphene Citrate,148
388,Clomipramine Hydrochloride,402
389,Clonazepam,6
390,Clonidine Hydrochloride,97
391,Clopidogrel + Aspirin,59
392,Clopidogrel Bisulphate,59
393,Clostridium Botulinum Toxin Type A Neurotoxin,409
394,Clotrimazole (Ear drop),68
395,Clotrimazole (Eye ointment),284
396,Clotrimazole (Topical),158
397,Clotrimazole (Vaginal suppository),392
398,Clotrimazole (Vaginal tablet),392
399,Clotrimazole + Hydrocortisone,215
400,Clove oil,298
401,Cloxacillin Sodium,327
402,Clozapine,66
403,Coagulation Factor VIIa [Eptacog Alfa],42
404,Coal Tar,106
405,Coal Tar + Precipitated Sulphur + Salicylic Acid,106
406,Coal Tar Solution,106
407,Cod Liver Oil,365
408,Coenzyme Q10 [Ubidecarenone],377
409,Colchicine,164
410,Colecalciferol [Vitamin D3],413
411,Colistimethate Sodium,305
412,Collagen II & GAGs,208
413,Compound Asparagus,208
414,Conjugated Estrogen (Cream),183
415,Conjugated Estrogen (Tablet),183
416,Conjugated Estrogen + Bazedoxifene,183
417,Copper Peptide + Procapil + Niacinamide + Biotin + L-Arginine,257
418,COVID Vaccine,409
419,Cranberry [Vaccinium macrocarpon],208
420,Crisaborole,394
421,Crizotinib,381
422,Crotamiton,322
423,Curcuma Longa [Turmeric Extract],208
424,Curcuminoids [Curcuma Longa],208
425,Cyanocobalamin,415
426,Cyclizine Hydrochloride,41
427,Cyclobenzaprine Hydrochloride,234
428,Cyclopentolate Hydrochloride,31
429,Cyclophosphamide,125
430,Cyclosporine,409
431,Cyclosporine (Ophthalmic),143
432,Cyproterone Acetate + Ethinyl Estradiol,295
433,Cytarabine,125
434,Dabigatran Etexilate Mesylate,185
435,Dacarbazine,125
436,Daclatasvir,207
437,Daclatasvir + Sofosbuvir,207
438,Dacomitinib,125
439,Dalteparin Sodium,323
440,Danazol,136
441,Dantrolene Sodium,98
442,Dapagliflozin Propanediol,364
443,Dapoxetine Hydrochloride,144
444,Dapsone,4
445,Darbepoetin Alfa,200
446,Darifenacin,86
447,Dasamularista,208
448,Dasatinib,381
449,Date palm + Betel nut + Acacia,208
450,Datura + Rhubarb + Ginger,208
451,Daunorubicin,125
452,D-chiro-inositol,404
453,Deferasirox,39
454,Deferiprone,39
455,Deferoxamine Mesylate,95
456,Deflazacort,195
457,Degarelix Acetate,136
458,Dehydroepiandrosterone,0
459,Delafloxacin,1
460,Denosumab,221
461,Dequalinium Chloride,305
462,Desloratadine,278
463,Desmopressin Acetate,379
464,Desogestrel,293
465,Desonide,319
466,Desoximetasone,319
467,Desvenlafaxine,360
468,Devil’s Cotton + Ashoka bark + Aswagandha,208
469,Devil's Claw,208
470,Dexamethasone,0
471,Dexamethasone (Ophthalmic),0
472,Dexamethasone + Chloramphenicol,288
473,Dexamethasone + Neomycin Sulphate + Polymyxin B Sulphate,288
474,Dexamethasone + Tobramycin,288
475,Dexibuprofen,156
476,Dexketoprofen,156
477,Dexlansoprazole,347
478,Dexmedetomidine Hydrochloride,256
479,Dexpanthenol,257
480,Dextran + Dextrose,334
481,Dextran + Hypromellose,143
482,Dextran + Sodium Chloride,334
483,Dextromethorphan + Phenylephrine + Triprolidine,114
484,Dextromethorphan + Pseudoephedrine + Triprolidine,114
485,Dextromethorphan Hydrobromide,122
486,Dextromethorphan Hydrobromide + Guaifenesin,113
487,Dextrose,224
488,Dextrose & Hartmann's Solution,224
489,Diabasic Sodium Phosphate + Monobasic Sodium Phosphate,177
490,Diazepam,343
491,Diazoxide,108
492,Diclofenac Diethylamine + Mephenesin + Menthol + Methyl Salicylate + Turpentine Oil,388
493,Diclofenac Potassium,156
494,Diclofenac Sodium,156
495,Diclofenac Sodium (Ophthalmic),287
496,Diclofenac Sodium + Lidocaine Hydrochloride,156
497,Diclofenac Sodium + Methyl Salicylate + Linseed Oil + Menthol,279
498,Diclofenac Sodium + Misoprostol,156
499,Dicycloverine Hydrochloride,32
500,Dienogest,183
501,Dienogest + Estradiol Valerate,183
502,Diethylcarbamazine Citrate,308
503,Diflorasone Diacetate,319
504,Difluprednate,290
505,Digoxin,335
506,Diloxanide Furoate,13
507,Diltiazem Hydrochloride (FC tablet),92
508,Diltiazem Hydrochloride (SR tablet),92
509,Dinar,208
510,Diphenhydramine + Dextromethorphan + Levomenthol,113
511,Diphenhydramine + Levomenthol,113
512,Diphenhydramine Hydrochloride,358
513,Diphenhydramine Hydrochloride + Zinc Acetate,233
514,Diphtheria + Pertussis + Tetanus [DPT],409
515,Diphtheria; Tetanus; Pertussis; Hepatitis B; Poliomyelitis; Influenzae Vaccine,409
516,Diphtheria; Tetanus; Pertussis; Poliomyelitis Vaccine,409
517,Dipyridamole,59
518,Disopyramide Phosphate,251
519,Dithranol + Boric Acid + Salicylic Acid,133
520,Dobutamine,222
521,Docetaxel Trihydrate,125
522,Docusate Sodium (Ear drop),100
523,Docusate Sodium (Oral),373
524,Domperidone Maleate,258
525,Donepezil Hydrochloride,142
526,Dopamine Hydrochloride,222
527,Doripenem,309
528,Dorzolamide + Timolol,154
529,Doxepin (Oral),402
530,Doxepin (Topical),233
531,Doxophylline,88
532,Doxorubicin Hydrochloride,125
533,Doxycycline Hydrochloride,382
534,Doxylamine Succinate,358
535,Drospirenone,293
536,Drotaverine,31
537,Dulaglutide,194
538,Duloxetine Hydrochloride,360
539,Dutasteride,86
540,Dydrogesterone,183
541,Ebastine,278
542,Echinacea,208
543,Econazole Nitrate,392
544,Econazole Nitrate + Triamcinolone Acetonide,401
545,Efavirenz,147
546,Eflornithine Hydrochloride,204
547,Ejaz,208
548,Elagolix,197
549,Eltrombopag Olamine,202
550,Eluxadoline,344
551,Emblic Myrobalan + Aswagandha + Grape,208
552,Emblic Myrobalan + Chebulic + Belleric,208
553,Emblic Myrobalan + Sesame,208
554,Emblica officinalis + Piper longum,208
555,Emollient [Cepalin+Allantoin],175
556,Empagliflozin,364
557,Empagliflozin + Linagliptin,0
558,Empagliflozin + Metformin Hydrochloride,108
559,Enalapril Maleate,16
560,Encephalitis Vaccine,409
561,Enoxaparin Sodium,323
562,Entacapone,58
563,Entecavir,206
564,Epalrestat,7
565,Eperisone Hydrochloride,98
566,Ephedrine Hydrochloride,303
567,Epinastine Hydrochloride,287
568,Epirubicin Hydrochloride,125
569,Eplerenone,338
570,Epoetin Beta,146
571,Eptifibatide,59
572,Erdosteine,121
573,Ergometrine Maleate,135
574,Ergotamine Tartrate + Caffeine,179
575,Eribulin Mesylate,381
576,Erlotinib,381
577,Ertapenem,309
578,Ertugliflozin,364
579,Erythromycin (Lotion),391
580,Erythromycin (Oral),244
581,Erythropoietin,146
582,Erythropoietin Alfa,146
583,Escitalopram Oxalate,368
584,Eslicarbazepine Acetate,6
585,Esmolol Hydrochloride,21
586,Esomeprazole,0
587,Esomeprazole (MUPS tablet),0
588,Esomeprazole + Amoxicillin + Clarithromycin,22
589,Espand,208
590,Estradiol,183
591,Estradiol Valerate,183
592,Estriol (Oral),183
593,Estriol (Vaginal),183
594,Eszopiclone,256
595,Etanercept,220
596,Ethambutol,62
597,Ethanol + Isopropyl alcohol,85
598,Ethinyl Estradiol + Desogestrel (0.02 mg),293
599,Ethinyl Estradiol + Desogestrel (0.03 mg),293
600,Ethinyl Estradiol + Desogestrel + Ferrous Fumarate,293
601,Ethinyl Estradiol + Drospirenone (21 tablet),293
602,Ethinyl Estradiol + Drospirenone (24 tablet),293
603,Ethinyl Estradiol + Drospirenone (HRT),152
604,Ethinyl Estradiol + Drospirenone + Levomefolate,293
605,Ethinyl Estradiol + Gestodene,293
606,Ethinyl Estradiol + Levonorgestrel + Ferrous Fumarate,293
607,Ethinyl Estradiol + Lynestrenol (0.0375 mg),293
608,Ethinyl Estradiol + Lynestrenol (0.05 mg),293
609,Ethosuximide,343
610,Ethyl Alcohol + Hydrogen peroxide + Glycerol,85
611,Ethyl Butylacetylaminopropionate,257
612,Etodolac,156
613,Etoposide,125
614,Etoricoxib,279
615,Eucalyptol + Menthol + Methyl Salicylate + Thymol + Sodium Fluoride,298
616,Eucalyptol+ Menthol + Thymol,388
617,Evening primrose oil,208
618,Everolimus,220
619,Ezetimibe,181
620,Famciclovir,209
621,Famotidine,0
622,Favipiravir,63
623,Febuxostat,164
624,Fennel [Mouri; Gohkshura; Kasni],208
625,Fenofibrate,184
626,Fentanyl Citrate,291
627,Fenticonazole Nitrate [Vaginal Cream],392
628,Fenticonazole Nitrate [Vaginal Tablet],392
629,Fermented soy [Lactobacillus Delbrueckii],208
630,Ferric Carboxymaltose,324
631,Ferric Citrate,296
632,Ferric Derisomaltose,324
633,Ferric Pyrophosphate Citrate,324
634,Ferrous Ascorbate,296
635,Ferrous Ascorbate + Folic Acid + Zinc Sulfate,227
636,Ferrous Fumarate,296
637,Ferrous Fumarate + Folic acid,226
638,Ferrous Gluconate,296
639,Ferrous Sulfate,296
640,Ferrous Sulfate + Folic Acid,226
641,Ferrous Sulfate + Folic Acid + Zinc Sulfate,227
642,Fexofenadine Hydrochloride,278
643,Filgrastim,200
644,Finasteride [For Androgenic Alopecia],257
645,Finasteride [For B.P.H.],86
646,Finerenone,0
647,Fishar [Snake root; Potassium; Magnesium],208
648,Flavoxate Hydrochloride,86
649,Flaxseed oil [Linum Usitatissimum],345
650,Flibanserin,360
651,Flucloxacillin Sodium,327
652,Fluconazole,158
653,Fluconazole (Ophthalmic),284
654,Fludarabine Phosphate,125
655,Fludrocortisone Acetate,120
656,Flunarizine,255
657,Fluocinolone Acetonide,187
658,Fluocinolone Acetonide + Clioquinol,392
659,Fluocinolone Acetonide + Hydroquinone + Tretinoin,216
660,Fluocinolone Acetonide + Neomycin Sulfate,392
661,Fluorescein Sodium,340
662,Fluormetholone + Neomycin Sulphate,288
663,Fluorometholone + Gentamicin,288
664,Fluorometholone + Tetrahydrozoline,290
665,Fluorometholone Acetate,290
666,Fluorouracil,0
667,Fluoxetine Hydrochloride,331
668,Flupentixol,368
669,Flupentixol + Melitracen,111
670,Fluphenazine + Nortriptyline,111
671,Fluphenazine Decanoate,330
672,Flurazepam,74
673,Flurbiprofen,156
674,Flutamide,210
675,Fluticasone Furoate,267
676,Fluticasone Propionate (Inhaler),187
677,Fluticasone Propionate (Nasal Spray),187
678,Fluticasone Propionate (Nebuliser Suspension),187
679,Fluticasone Propionate (Topical),188
680,Fluticasone Propionate + Formoterol Fumarate,353
681,Fluvastatin,304
682,Fluvoxamine Maleate,368
683,Folic Acid,151
684,Folic Acid + Zinc Sulfate Monohydrate,366
685,Follicle Stimulating Hormone [Urofollitropin],148
686,Follitropin Alfa,148
687,Follitropin Alfa + Lutropin Alfa,148
688,Follitropin Beta,148
689,Fondaparinux Sodium,323
690,Formoterol Fumarate,239
691,Formoterol Fumarate + Glycopyrrolate + Budesonide,112
692,Fosfomycin Trometamol,223
693,Fructose,0
694,Fucidic Acid + Betamethasone,80
695,Furosemide,240
696,Furosemide + Spironolactone,338
697,Fusidic Acid (Ophthalmic),244
698,Fusidic acid + Betamethasone,319
699,Fusidic acid + Hydrocortisone,215
700,Gabapentin,6
701,Gadodiamide,119
702,Gadoversetamide,119
703,Ganciclovir (Ophthalmic),285
704,Garlic Oil,377
705,Garlitab,208
706,Gatifloxacin (Ophthalmic),283
707,Gatifloxacin (Oral),1
708,Gatifloxacin + Dexamethasone,288
709,Gefitinib,381
710,Gemcitabine,125
711,Gemfibrozil,170
712,Gemifloxacin,1
713,Gentamicin + Hydrocortisone Acetate,215
714,Gentamicin Sulfate (Injection),11
715,Gentamicin Sulfate (Ophthalmic),283
716,Gentamicin Sulfate (Topical),390
717,Gentian Violet,124
718,Ginkgo Biloba,208
719,Glecaprevir + Pibrentasvir,207
720,Glibenclamide,374
721,Gliclazide,374
722,Glimepiride,374
723,Glimepiride + Metformin,108
724,Glipizide,374
725,Glipizide + Metformin Hydrochloride,108
726,Glucosamine Hydrochloride,371
727,Glucosamine Sulfate + Chondroitin,371
728,Glucosamine Sulfate + Chondroitin + Camphor + Peppermint oil,388
729,Glucosamine Sulfate + Diacerein,371
730,Glucose 11% + Vamin 18 Novum + Intralipid 20%,325
731,Glucose 19% + Vamin 18 Novum + Intralipid 20%,325
732,Glycerin,302
733,Glycerin + Hypromellose + Polyethylene glycol + Tetrahydrozoline + Zinc Sulfate,315
734,Glycerol,257
735,Glycerol + Hypromellose + Polyethylene Glycol 400,143
736,Glycerol + Liquid Sugar,114
737,Glycine,229
738,Glycopyrronium Bromide (Inhalation capsule),88
739,Glycopyrronium Bromide (Injection),32
740,Glycopyrronium Bromide (Oral solution),32
741,Glycopyrronium Bromide (Respirator Solution),88
742,Glycopyrronium Bromide + Formoterol Fumarate,0
743,Golimumab,159
744,Gramacidin + Neomycin + Polymixin B,283
745,Granisetron,378
746,Griseofulvin [Microsize],307
747,Guaifenesin + Dextromethorphan + Menthol,113
748,Guaifenesin + Levomenthol + Diphenhydramine,113
749,Guggul + Barberry + Chebulic Myrobalan,208
750,Habb-e-Nishat,208
751,Haemophilus Influenzae Type B Vaccine [Conjugated],409
752,Halazone,420
753,Halcinonide,319
754,Halobetasol Propionate,319
755,Halobetasol Propionate + Tazarotene,319
756,Haloperidol,168
757,Halothane,192
758,Hartmann's Solution,201
759,Hazmina,208
760,Heparin Sodium,323
761,Hepatitis A Vaccine,409
762,Hepatitis b immune globulin,409
763,Hepatitis B Vaccine [rDNA],409
764,Herbal cough syrup [Adhatoda Vasica],208
765,Herbal cough syrup [Glycyrrhiza Glabra],208
766,Herbal cough syrup [Tulsi],208
767,Herbal cough syrup [Vasakarista],208
768,Herbal gastric preparation,208
769,Herbal Multivitamin,208
770,Hingastak Churna,208
771,Homatropine Hydrobromide,262
772,Human Anti-D Immunoglobulins,409
773,Human Chorionic Gonadotrophin,183
774,Human Immunoglobulin-G [IgG],409
775,Human Menopausal Gonadotrophin,183
776,Human Milk based Amino Acid,325
777,Human Papillomavirus Bivalent (Types 16 & 18),409
778,Human Papillomavirus Quadrivalent (Types 6; 11; 16; and 18),409
779,Human Tetanus Immunoglobulin,409
780,Hyaluronic Acid,0
781,Hydrochlorothiazide,384
782,Hydrochlorothiazide + Triamterene,110
783,Hydrocortisone,195
784,Hydrocortisone + Lidocaine,160
785,Hydrocortisone + Neomycin Sulphate + Polymixin B,288
786,Hydrocortisone Acetate,319
787,Hydrocortisone Acetate + Benzyl Benzoate + Bismuth Subgallate + Bismuth Oxide + Balsam Peru + Zinc Oxide,319
788,Hydrocortisone Acetate + Neomycin Sulphate,233
789,Hydrocortisone Butyrate,0
790,Hydrogen peroxide,320
791,Hydroquinone,216
792,Hydroquinone + Octyldimethyl + Dioxybenzone + Oxybenzone,376
793,Hydroxocobalamin,39
794,Hydroxychloroquine Sulphate,52
795,Hydroxyethyl Cellulose + Glycerin,257
796,Hydroxyethyl Starch + Sodium Chloride,334
797,Hydroxyprogesterone Caproate,214
798,Hydroxypropyl Methylcellulose,143
799,Hydroxyurea,125
800,Hydroxyzine  Hydrochloride,358
801,Hylan G-F 20,156
802,Hyoscine Butylbromide,32
803,Hyoscine Hydrobromide,41
804,Hypromellose,143
805,Hypromellose + Carbomer,143
806,β-Sitosterol,208
807,Ibandronic Acid,83
808,Ibandronic Acid & Calcium Orotate,254
809,Ibandronic Acid + Calcium Carbonate + Vitamin D3,83
810,Ibrutinib,381
811,Ibuprofen,156
812,Idoxuridine,285
813,Ifosfamide,125
814,Iloperidone,333
815,Imatinib Mesylate,381
816,Imipenem + Cilastatin,309
817,Imipramine Hydrochloride,402
818,Imiquimod,220
819,Inactivated Hepatitis A vaccine,409
820,Inactivated Influenza Vaccine,409
821,Inactivated Polio Vaccine,409
822,Indacaterol + Glycopyrronium,112
823,Indacaterol + Glycopyrronium + Mometasone Furoate,0
824,Indacaterol Maleate,239
825,Indapamide,384
826,Indapamide + Amlodipine,110
827,Indapamide + Perindopril Arginine,110
828,Indomethacin (Oral),156
829,Indomethacin (Rectal),156
830,Infliximab,381
831,Inositol Nicotinate,270
832,Insulin Aspart,351
833,Insulin Aspart + Insulin Aspart Protamine,351
834,Insulin Degludec,237
835,Insulin Degludec + Insulin Aspart Premixed,107
836,Insulin Detemir,237
837,Insulin Glargine [rDNA],237
838,Insulin Glulisine,351
839,Insulin Human [Fast-Acting],351
840,Insulin Human [Long-Acting],237
841,Insulin Human [rDNA] + Isophane Insulin Human,249
842,Insulin Lispro,351
843,Insulin Lispro Protamine + Insulin Lispro,107
844,Interferon Alfa-2a [Recombinant],218
845,Intravenous Fat Emulsion,325
846,Iodixanol,119
847,Iohexol,119
848,Iopamidol,119
849,Ipratropium Bromide (Inhaler),30
850,Ipratropium Bromide (Nebuliser Solution),30
851,Irbesartan,17
852,Irbesartan + Hydrochlorothiazide,110
853,Irinotecan Hydrochloride,125
854,Iron + Folic Acid + Vitamin A + Vitamin C + Zinc,227
855,Iron + Folic acid + Vitamin B complex + Vitamin C,226
856,Iron + Folic Acid + Vitamin B Complex + Vitamine C + Zinc Sulfate,226
857,Iron Hydroxide Polymaltose + Folic acid + Zinc Sulfate Monohydrate,227
858,Iron Polymaltose Complex,296
859,Iron Polymaltose Complex + Folic Acid + Zinc + Vitamin B-Complex,226
860,Iron Polymaltose Complex + Folic Acid + Zinc Sulfate,227
861,Iron Polymaltose Complex + Vitamin B Complex + Zinc,226
862,Iron Sucrose Injection [Elemental Iron],324
863,Irrigating Solution,315
864,Isoflurane,192
865,Isoniazid,62
866,Isopropamide + Trifluoperazine,331
867,Isopropyl alcohol,305
868,Isopropyl Alcohol + Hydrogen Peroxide + Glycerol,85
869,Isosorbide Mononitrate,271
870,Isotretinoin (Oral),300
871,Isotretinoin (Topical),397
872,Ispaghula [Psyllium] Husk,89
873,Ispaghula Husk + Ispaghula Seed + Tinnevelly Senna Pods,89
874,Ispaghula Husk + Mebeverine Hydrochloride,89
875,Ispaghula Husk + Sonapata,89
876,Isradipine,92
877,Itraconazole,158
878,Ivabradine,304
879,Ivermectin (Tablet),20
880,Ivermectin (Topical),257
881,Jadwar [Denudatum; Saffron; Henbane],208
882,Jamani Arka,208
883,Jeerakaddarishta Carminative,208
884,Jinsin,208
885,Jirakaddarista,208
886,Jogaraj Guggulu,208
887,Jouban Satadal,208
888,Kabid Nawshadri,208
889,Kanamycin,283
890,Ketamine,193
891,Ketoconazole (Cream),158
892,Ketoconazole (Shampoo),158
893,Ketoconazole (Tablet),158
894,Ketoprofen (oral & injection),156
895,Ketoprofen (Topical),279
896,Ketorolac Tromethamine,159
897,Ketorolac Tromethamine (Ophthalmic),274
898,Ketotifen Fumarate (Ophthalmic),287
899,Ketotifen Fumarate (Oral),123
900,Khakshi,208
901,Kusta Qalyee [Calcined stannum],208
902,Labetalol Hydrochloride (Injection),8
903,Labetalol Hydrochloride (Tablet),8
904,Lacidipine,92
905,Lacosamide,65
906,Lactase,0
907,Lactic acid + Citric acid + Potassium bitartrate,257
908,Lactic acid + Sodium PCA,175
909,Lactitol Monohydrate,302
910,Lactobacillus Rhamnosus GG,0
911,Lactulose,302
912,Lamivudine [For Chronic Hepatitis B],206
913,Lamivudine [For HIV Infection],147
914,Lamivudine + Zidovudine,147
915,Lamivudine + Zidovudine + Nevirapine,147
916,Lamotrigine,343
917,Lansoprazole,347
918,Lansoprazole + Amoxicillin + Clarithromycin,22
919,Lanthanum Carbonate,162
920,Lapatinib,125
921,Larotrectinib,0
922,Lasmiditan Hemisuccinate,310
923,Latanoprost,154
924,Latanoprost + Timolol,154
925,Lavendar [Lavendula stoechas],208
926,Ledipasvir + Sofosbuvir,207
927,Leflunomide,159
928,Lenalidomide,0
929,Lenograstim,200
930,Lenvatinib Mesylate,0
931,Lercanidipine Hydrochloride,92
932,Letrozole,210
933,Leuprorelin Acetate,135
934,Levamisole,20
935,Levetiracetam,6
936,Levobunolol,154
937,Levobupivacaine Hydrochloride,352
938,Levocarnitine,155
939,Levocetirizine Dihydrochloride,278
940,Levodopa + Benserazide,58
941,Levodopa + Carbidopa (CR tablet),58
942,Levodopa + Carbidopa (FC tablet),58
943,Levodopa + Carbidopa + Entacapone,58
944,Levofloxacin (Ophthalmic),1
945,Levofloxacin Hemihydrate,1
946,Levomenthol + Thymol + Terpineol + Chlorobutanol,0
947,Levomilnacipran Hydrochloride,360
948,Levonorgestrel,174
949,Levosalbutamol,362
950,Levosalbutamol (Oral),362
951,Levothyroxine Sodium,387
952,Licorice + Vasaka + Basil + Peppermint,208
953,Licorice + Yellow Silk Cotton + Mastic tree,208
954,Lidocaine + Adrenaline,232
955,Lidocaine + Epinephrine,232
956,Lidocaine + Prilocaine,232
957,Lidocaine Hydrochloride (Injection),232
958,Lidocaine Hydrochloride (Jelly),232
959,Lidocaine Hydrochloride (Spray),232
960,Lifitegrast,315
961,Light Liquid Paraffin + White Soft Paraffin + Glycerine,175
962,Linagliptin,130
963,Linagliptin + Metformin Hydrochloride,108
964,Linezolid,244
965,Liposome + Perilla + Sodium Hyaluronate,315
966,Liquorice + Cascara Sagrada + Belladona,208
967,Liraglutide,194
968,Lisinopril,16
969,Lithium Carbonate,53
970,L-Lysine Hydrochloride,134
971,Lomefloxacin (Ophthalmic),283
972,Lomefloxacin (Oral),67
973,Loperamide Hydrochloride,35
974,Lopinavir + Ritonavir,147
975,Loratadine,278
976,Loratadine + Pseudoephedrine,46
977,Lorazepam,74
978,Lorlatinib,125
979,L-Ornithine L-Aspartate,129
980,L-Ornithine L-Aspartate + Pancreatin,129
981,Lornoxicam,279
982,Losartan Potassium,17
983,Losartan Potassium + Hydrochlorothiazide,110
984,Loteprednol Etabonate,290
985,Loteprednol Etabonate + Gatifloxacin,290
986,Loteprednol Etabonate + Tobramycin,288
987,Lubiprostone,313
988,Luliconazole,257
989,Lurasidone Hydrochloride,66
990,Lutein + Zeaxanthin,208
991,Lymecycline,382
992,Lynestrenol,183
993,Lyophilized Bacterial Lysate,305
994,Macitentan,49
995,Macrogol [Polypropylene glycol] + Electrolytes,302
996,Magaldrate,19
997,Magaldrate + Simethicone,19
998,Magnesium Hydroxide,18
999,Magnesium Hydroxide + Liquid Paraffin,18
1000,Magnesium Oxide,173
1001,Magnesium Sulfate,367
1002,Magnesium Sulfate Heptahydrate,367
1003,Mahadrakkharist [Grape extract],208
1004,Malus sylvestris,208
1005,Mannitol,301
1006,Maprotiline Hydrochloride,403
1007,Marham Kharish,208
1008,Marine Collagen,367
1009,Marwareedi,208
1010,Measles and Rubella,409
1011,Mebendazole,20
1012,Mebeverine Hydrochloride,31
1013,Mebhydrolin Napadisylate,358
1014,Meclizine + Pyridoxine,41
1015,Meclizine Hydrochloride,41
1016,Mecobalamin,151
1017,Medroxyprogesterone Acetate (Injection),183
1018,Medroxyprogesterone Acetate (Tablet),183
1019,Mefenamic acid,156
1020,Mefloquine,52
1021,Megestrol Acetate,0
1022,Melatonin,297
1023,Meloxicam,156
1024,Memantine + Donepezil,25
1025,Memantine Hydrochloride,0
1026,Menaquinone-7,156
1027,Meningococcal Conjugate Vaccine,409
1028,Meningococcal Polysaccharide Vaccine,409
1029,Mentha + Cinnamomum + Gaultheria + Capsicum,208
1030,Menthol + Camphor + Eucalyptus Oil + Mint Oil,208
1031,Menthol + Camphor + Methyl Salicylate + Oleoresin Capsicum,388
1032,Menthol + Pramoxine Hydrochloride,388
1033,Menthol + Thymol + Eucalyptol  + Methyl Salicylate,298
1034,Mepyramine Maleate,257
1035,Mercaptopurine,125
1036,Meropenem Trihydrate,309
1037,Mesalazine [5-aminosalicylic acid],12
1038,Mesna,39
1039,Metformin Hydrochloride,81
1040,Methenamine Hippurate,312
1041,Methimazole,60
1042,Methocarbamol,98
1043,Methotrexate,220
1044,Methoxsalen,252
1045,Methoxy Polyethylene Glycol-Epoetin Beta,146
1046,Methyl Salicylate + Menthol,388
1047,Methyl Salicylate + Menthol + Camphor,394
1048,Methyldopa,97
1049,Methylergonovine Maleate,135
1050,Methylphenidate Hydrochloride,105
1051,Methylprednisolone,195
1052,Methylprednisolone Acetate,195
1053,Methylprednisolone Sodium Succcinate,195
1054,Metoclopramide Hydrochloride,41
1055,Metolazone,384
1056,Metoprolol Tartrate,0
1057,Metronidazole,13
1058,Metronidazole + Miconazole Nitrate,169
1059,Metronidazole + Neomycin Sulphate + Polymyxin B + Nystatin,169
1060,Miconazole Nitrate (Oral Gel),68
1061,Miconazole Nitrate (Topical),392
1062,Miconazole Nitrate + Hydrocortisone,215
1063,Micronised Diosmin + Hesperidin,332
1064,Midazolam,74
1065,Mifepristone,135
1066,Mifepristone + Misoprostol,345
1067,Miglitol,10
1068,Milnacipran Hydrochloride,360
1069,Miltefosine,230
1070,Minocycline Hydrochloride,382
1071,Minoxidil,317
1072,Mirabegron,86
1073,Mirtazapine,65
1074,Misoprostol,345
1075,Mitomycin C,125
1076,Mizolastine,278
1077,Molnupiravir,0
1078,Mometasone Furoate (Inhalation Capsule),120
1079,Mometasone Furoate (Nasal Spray),267
1080,Mometasone Furoate (Topical),319
1081,Mometasone Furoate + Formoterol Fumarate,0
1082,Monjistha [Rubia cordifolia],208
1083,Monobasic sodium phosphate + Dibasic sodium phosphate,313
1084,Monosemicarbazone Adrenochrome,42
1085,Monosulfiram,322
1086,Montelukast Sodium,231
1087,Morphine Sulfate,291
1088,Moxifloxacin Hydrochloride (Injection),1
1089,Moxifloxacin Hydrochloride (Ophthalmic),283
1090,Moxifloxacin Hydrochloride (Tablet),1
1091,Moxifloxacin Hydrochloride + Dexamethasone,290
1092,Moxifloxacin Hydrochloride + Xanthan Gum,283
1093,Moxonidine,49
1094,Mucopolysaccharide Polysulphate + Salicylic Acid,0
1095,Mudir [Aloe; Saffron; Ferrus sulphate],208
1096,Multivitamin & 5% Dextrose,261
1097,Multivitamin & Cod Liver Oil,365
1098,Multivitamin & Multimineral,366
1099,Multivitamin & Multimineral [A-Z for infanrs & childrens],261
1100,Multivitamin & Multimineral [A-Z gold preparation],261
1101,Multivitamin & Multimineral [A-Z junior infusion preparation],261
1102,Multivitamin & Multimineral [A-Z juniors syrup preparation],261
1103,Multivitamin & Multimineral [A-Z silver preparation],261
1104,Multivitamin & Multimineral [A-Z syrup preparation],261
1105,Multivitamin & Multimineral [A-Z teen boys preparation],261
1106,Multivitamin & Multimineral [A-Z teen girls preparation],261
1107,Multivitamin & Multimineral [For nursing mother],261
1108,Multivitamin & Multimineral Essentials [For nursing mother],261
1109,Multivitamin & Normal Saline,261
1110,Multivitamin [Adult preparation],365
1111,Multivitamin [Injection],365
1112,Multivitamin [Pediatric preparation],365
1113,Multivitamin with L-Lysine,365
1114,Multivitamins & Multiminerals [A-Z prenatal preparation],227
1115,Mumshik,208
1116,Mupirocin,390
1117,Mustakarista [Cyperus; Zingiber; Piper nigrum],208
1118,Mycophenolate Mofetil,220
1119,Mycophenolic acid,220
1120,Nabayas Louha Herbal Haematinic,208
1121,Nab-Paclitaxel [Nanoparticle Albumin-Bound Paclitaxel],125
1122,Nabumetone,156
1123,Naftidrofuryl Oxalate,2
1124,Naftifine Hydrochloride,392
1125,Nalbuphine,291
1126,Nalidixic Acid,308
1127,Naloxone Hydrochloride,39
1128,Naltrexone,39
1129,Nandrolone Decanoate,213
1130,Nandrolone Phenylpropionate,213
1131,Naphazoline + Pheniramine,286
1132,Naphazoline + Zinc Sulfate,287
1133,Naproxen Sodium,156
1134,Naproxen Sodium + Esomeprazole Magnesium,156
1135,Natamycin,283
1136,Nateglinide,250
1137,Natural medicine for diabetes,208
1138,Nebivolol + Hydrochlorothiazide,110
1139,Nebivolol Hydrochloride,78
1140,Neem,208
1141,Nefopam Hydrochloride,274
1142,Nelfinavir,147
1143,Neomycin Sulfate + Bacitracin Zinc,281
1144,Neomycin Sulfate + Bacitracin Zinc + Polymyxin B Sulfate,390
1145,Neomycin Sulfate + Bacitracin Zinc + Polymyxin B Sulfate (Ophthalmic),67
1146,Neomycin Sulphate + Polymyxin B Sulphate + Pramoxine,50
1147,Neostigmine Methyl Sulphate,33
1148,Nepafenac,287
1149,Neratinib,405
1150,Netarsudil + Latanoprost,154
1151,Netarsudil Dimesylate,154
1152,Nevirapine,147
1153,Nicorandil,337
1154,Nicotinic Acid [Niacin],0
1155,Nifedipine,92
1156,Nigella Sativa [Black Seed Oil],208
1157,Nikethamide,354
1158,Nilotinib,381
1159,Nimbadi Churna,208
1160,Nimesulide,279
1161,Nimodipine,92
1162,Nintedanib,405
1163,Niraparib,125
1164,Nirmatrelvir + Ritonavir,0
1165,Nitazoxanide,37
1166,Nitrazepam,74
1167,Nitrofurantoin,380
1168,Nitrofurantoin + Nitrofurantoin Microcrystals,380
1169,Nitrofurazone,390
1170,Nitroglycerin (IV Infusion),271
1171,Nitroglycerin (Ointment),160
1172,Nitroglycerin (Oral preparation),271
1173,Nitroglycerin (Sublingual Spray),271
1174,Nitroglycerin (Sublingual Tablet),271
1175,Nivolumab,220
1176,Nizatidine,199
1177,Norepinephrine,9
1178,Norethisterone Acetate,183
1179,Norgestrel,293
1180,Norgestrel + Ethinyl Estradiol + Ferrous Fumarate,293
1181,Nortriptyline,402
1182,Nux-vomica + Black Pepper + Long Pepper,208
1183,Nystatin (Oral),158
1184,Nystatin (Topical),158
1185,Obeticholic Acid,182
1186,Obinutuzumab,23
1187,Octreotide Acetate,198
1188,Ofloxacin (Ophthalmic),283
1189,Ofloxacin (Oral & Injection),67
1190,Ofloxacin + Clotrimazole + Beclomethasone + Lidocaine,43
1191,Olanzapine,66
1192,Olaparib,381
1193,Olmesartan Medoxomil,17
1194,Olmesartan Medoxomil + Hydrochlorothiazide,110
1195,Olopatadine Hydrochloride (Nasal Spray),264
1196,Olopatadine Hydrochloride (Ophthalmic),287
1197,Omalizumab,48
1198,Omega-3 Acid Ethyl Esters [Salmon Fish Oil],314
1199,Omeprazole,347
1200,Omeprazole (MUPS tablet),347
1201,Ondansetron,41
1202,Oral Cholera Vaccine,409
1203,Oral Polio Vaccine,409
1204,Oral Rehydration Salt [Flavored],294
1205,Oral Rehydration Salt [Powder],294
1206,Oral Rehydration Salt [Rice Based],294
1207,Orlistat,64
1208,Ornidazole,13
1209,Oseltamivir,355
1210,Osimertinib,125
1211,Ospemifene,169
1212,Oxaliplatin,125
1213,Oxaprozin,156
1214,Oxazepam,403
1215,Oxcarbazepine,6
1216,Oxiconazole Nitrate,392
1217,Oxybuprocaine Hydrochloride,280
1218,Oxybutynin Chloride,32
1219,Oxymetazoline Hydrochloride (Cream),411
1220,Oxymetazoline Hydrochloride (Nasal Preparation),264
1221,Oxymorphone Hydrochloride,291
1222,Oxyphencyclimine Hydrochloride,32
1223,Oxyphenonium Bromide,32
1224,Oxytetracycline,382
1225,Oxytetracycline + Polymixin B Sulphate,390
1226,Oxytocin,135
1227,Ozenoxacin,390
1228,Paclitaxel,0
1229,Padimate O + Avobenzone + Oxybenzone + Titanium dioxide,376
1230,Palbociclib,0
1231,Paliperidone,66
1232,Paliperidone Palmitate,66
1233,Palonosetron,41
1234,Panax Ginseng,208
1235,Pancreatin,129
1236,Pancuronium Bromide,273
1237,Pantoprazole Sodium Sesquihydrate,347
1238,Paracetamol,274
1239,Paracetamol (IV Infusion),0
1240,Paracetamol + Caffeine,274
1241,Paracetamol + Tramadol Hydrochloride,279
1242,Parecoxib,279
1243,Paricalcitol,387
1244,Paroxetine Hydrochloride,368
1245,Patrangasav,208
1246,Pazopanib Hydrochloride,0
1247,Pechish,208
1248,Pefloxacin Mesylate Dihydrate,1
1249,Pegfilgrastim [Pegylated Filgrastim],205
1250,Peginterferon alfa-2a [Pegylated Interferon alfa-2a],206
1251,Pegylated Erythropoietin,146
1252,Pembrolizumab,220
1253,Pemetrexed,125
1254,Pemirolast Potassium,287
1255,Penitab,208
1256,Pentazocine Hydrochloride,291
1257,Pentosan Polysulfate Sodium,312
1258,Pentoxifylline,328
1259,Peppermint Oil,32
1260,Perampanel,6
1261,Perindopril Arginine,16
1262,Perindopril Arginine + Amlodipine,110
1263,Peritoneal Dialysis solutions,329
1264,Permethrin,322
1265,Permethrin + Crotamiton,322
1266,Pertuzumab,381
1267,Pethidine Hydrochloride,291
1268,Pheniramine Maleate,358
1269,Phenobarbital,6
1270,Phenoxymethyl Penicillin [Penicillin V],77
1271,Phenytoin Sodium,6
1272,Pholcodine,122
1273,Phospholipids,103
1274,Phytomenadione (Injection),419
1275,Phytomenadione (Oral),419
1276,Pilocarpine Hydrochloride (Ophthalmic),137
1277,Pilocarpine Hydrochloride (Oral),137
1278,Pimavanserin,58
1279,Pimecrolimus,138
1280,Pioglitazone,385
1281,Pioglitazone + Glimepiride,108
1282,Pioglitazone + Metformin Hydrochloride,108
1283,Pipecuronium Bromide,273
1284,Piperacillin + Tazobactam,309
1285,Piracetam,6
1286,Pirfenidone,220
1287,Pitavastatin Calcium,304
1288,Pivmecillinam,247
1289,Pizotifen,310
1290,Podophyllotoxin,23
1291,Polyethylene Glycol,302
1292,Polyethylene Glycol + Propylene Glycol,143
1293,Polyethylene Glycol 3350 + Electrolytes,302
1294,Polygeline + Electrolytes,224
1295,Polymyxin B Sulfate,305
1296,Polysaccharide Diphtheria Toxoid Conjugate Vaccine,409
1297,Polysaccharide Pneumococcal Vaccine,409
1298,Ponatinib Hydrochloride,405
1299,Posaconazole,68
1300,Potassium Chloride,173
1301,Potassium Citrate,342
1302,Potassium Citrate + Citric Acid,342
1303,Povidone Iodine,225
1304,Pralidoxime Chloride,39
1305,Pramipexole,58
1306,Pramoxine Hydrochloride + Calamine,388
1307,Prasarani Sandhan,208
1308,Prasugrel Hydrochloride,59
1309,Prazosin Hydrochloride,8
1310,Precipitated Sulpher + Salicylic Acid,317
1311,Prednisolone,195
1312,Prednisolone + Neomycin Sulphate + Polymixin B Sulphate,288
1313,Prednisolone Acetate,195
1314,Pregabalin,6
1315,Primaquine Phosphate,52
1316,Proanthocyanidins,208
1317,Probiotic Combination [10 Billion],0
1318,Probiotic Combination [14 strains],0
1319,Probiotic Combination [2 Billion],208
1320,Probiotic Combination [2.3 Billion],208
1321,Probiotic Combination [20 Billion],0
1322,Probiotic Combination [3.2 Billion],208
1323,Probiotic Combination [4 Billion],208
1324,Probiotic Combination [9 Billion],0
1325,Procaine Penicillin + Benzyl Penicillin,77
1326,Prochlorperazine Maleate,24
1327,Procyclidine Hydrochloride,58
1328,Progesterone (Capsule),183
1329,Progesterone (Vaginal Pessary),120
1330,Progesterone (Vaginal Gel),148
1331,Promethazine Hydrochloride,358
1332,Promethazine Hydrochloride (Injection),358
1333,Promethazine Theoclate,358
1334,Propafenone Hydrochloride,251
1335,Propantheline Bromide,32
1336,Proparacaine Hydrochloride,280
1337,Propofol,193
1338,Propranolol Hydrochloride,78
1339,Propylthiouracil,387
1340,Protamine Crystallised Insulin Aspart,351
1341,Protamine Sulfate,39
1342,Protein; Fat; Carbohydrate; Vitamin & Mineral,297
1343,Prucalopride Succinate,302
1344,Pseudoephedrine + Guaiphenasine + Triprolidine,113
1345,Pseudoephedrine Hydrochloride,127
1346,Psyllium [Ispaghula Husk] + Senna Extract,89
1347,Pumpkin [Cucurbita pepo],208
1348,Pyrantel Pamoate,20
1349,Pyrazinamide,62
1350,Pyridostigmine Bromide,166
1351,Pyridoxine Hydrochloride,415
1352,Pyridoxine Hydrochloride + Doxylamine Succinate,41
1353,Pyrimethamine,52
1354,Quetiapine Fumarate,66
1355,Quinine Sulfate,52
1356,Qurs Mulayin [Scammony; Lavender; Fennel],208
1357,Rabeprazole + Amoxicillin + Clarithromycin,22
1358,Rabeprazole Sodium,347
1359,Rabies Immunoglobulin,409
1360,Rabies Vaccine,409
1361,Racecadotril,35
1362,Racepinephrine,303
1363,Ramelteon,256
1364,Ramipril,16
1365,Ramipril + Hydrochlorothiazide,110
1366,Ramucirumab,125
1367,Ranibizumab,139
1368,Ranitidine Hydrochloride,199
1369,Ranolazine,304
1370,Rasagiline,58
1371,Recombinant Follicle Stimulating Hormone (rFSH),148
1372,Red Clover [Trifolium Pratense],257
1373,Red Clover Isoflavones,208
1374,Regorafenib,381
1375,Rehmin,208
1376,Relugolix,197
1377,Remdesivir,63
1378,Repaglinide,250
1379,Retapamulin,390
1380,Rhubarb + Ginger,208
1381,Rhubarb Extract + Salicylic Acid,298
1382,Ribavirin,207
1383,Riboflavin,415
1384,Rifampicin,61
1385,Rifampicin + Isoniazid,109
1386,Rifampicin + Isoniazid + Pyrazinamide,109
1387,Rifampicin + Isoniazid + Pyrazinamide + Ethambutol,109
1388,Rifaximin,1
1389,Riluzole,268
1390,Rimexolone,290
1391,Ringer's Lactate Solution,224
1392,Risedronate Sodium,83
1393,Risedronate Sodium + Calcium,83
1394,Risperidone (Injection),66
1395,Risperidone (Oral),66
1396,Ritodrine Hydrochloride,135
1397,Rituximab,126
1398,Rivaroxaban,292
1399,Rivastigmine Tartrate,142
1400,Rizatriptan Benzoate,2
1401,Rocuronium Bromide,273
1402,Roflumilast,48
1403,Rohitakarista,208
1404,Ropinirole,58
1405,Rosiglitazone + Metformin Hydrochloride,108
1406,Rosuvastatin,304
1407,Rotavirus Vaccine,409
1408,Roxadustat,146
1409,Roxatidine,199
1410,Roxithromycin,244
1411,Rupatadine Fumarate,278
1412,Ruxolitinib,350
1413,Saccharin Sodium,297
1414,Saccharomyces Boulardii,208
1415,Sacubitril + Valsartan,0
1416,Saffron + Mace arillus + Nutmeg fruit,208
1417,Saffron + Sand Lizard + Nutmeg fruit,208
1418,Salajeet [Mineral Pitch; Red Sage],208
1419,Salbutamol,362
1420,Salbutamol (Inhaler),362
1421,Salbutamol + Ipratropium (Inhaler),112
1422,Salbutamol + Ipratropium (Solution for inhalation),112
1423,Salep + Coconut + Poppy Seeds +  Almond,208
1424,Salicylic Acid,398
1425,Salicylic Acid + Lactic Acid,116
1426,Salmeterol + Fluticasone Propionate,239
1427,Salmeterol Xinafoate,239
1428,Salmon Calcitonin,212
1429,Salsalate,156
1430,Salvia Officinalis,257
1431,S-Amlodipine Besilate (Levamlodipine),92
1432,Sana + Revand Chini + Neem + Chirata + Tulsi,208
1433,Sanjivani Rasayan,208
1434,Sanoon Babla,208
1435,Saquinavir Mesylate,63
1436,Saribadyarista,208
1437,Saw Palmetto (160 mg),208
1438,Saw palmetto (500 mg),208
1439,Saxagliptin,130
1440,Secnidazole,13
1441,Secukinumab,156
1442,Selegiline Hydrochloride,58
1443,Selexipag,277
1444,Semaglutide (Injection),194
1445,Semaglutide (Tablet),194
1446,Sennosides,302
1447,Sertaconazole Nitrate,392
1448,Sertraline Hydrochloride,368
1449,Sesame oil + Cactus extract + Beeswax,397
1450,Sevelamer Carbonate,157
1451,Sevelamer Hydrochloride,157
1452,Sevoflurane,192
1453,Sharbat Amla,208
1454,Sharbat Musaffi,208
1455,Sildenafil Citrate,144
1456,Silodosin,86
1457,Silver Sulfadiazine,390
1458,Silymarin [Milk thistle],103
1459,Simethicone,40
1460,Simvastatin,304
1461,Sitagliptin,130
1462,Sitagliptin + Metformin Hydrochloride,108
1463,Snake Venom Antiserum,409
1464,Sodium Alginate + Potassium Bicarbonate,19
1465,Sodium Alginate + Sodium Bicarbonate + Calcium Carbonate,19
1466,Sodium Bicarbonate,224
1467,Sodium Chloride (Intravenous Solution),224
1468,Sodium Chloride (Nasal preparation),265
1469,Sodium Chloride (Ophthalmic Solution),315
1470,Sodium Chloride (Tablet),294
1471,Sodium Chloride + Dextrose,325
1472,Sodium Chloride + Potassium Chloride + Sodium Acetate,173
1473,Sodium Cromoglicate [2%],246
1474,Sodium Cromoglicate [4%],246
1475,Sodium Cromoglicate + Xylometazoline Hydrochloride,246
1476,Sodium Dichloroisocyanurate,420
1477,Sodium Dihydrogen Phosphate + Disodium Hydrogen Phosphate,177
1478,Sodium Fluoride (Mouthwash),28
1479,Sodium Fusidate (Oral),0
1480,Sodium Fusidate (Topical),390
1481,Sodium Hyaluronate (Injection),156
1482,Sodium Hyaluronate (Ophthalmic),143
1483,Sodium Hyaluronate + Carboxymethylcellulose Sodium,143
1484,Sodium Hypochlorite,85
1485,Sodium Nitroprusside Dihydrate,412
1486,Sodium Picosulfate,302
1487,Sodium Picosulfate + Magnesium Oxide + Citric Acid,177
1488,Sodium Polystyrene Sulfonate,91
1489,Sodium Stibogluconate,230
1490,Sodium Succinate + Cytochrome C + Adenosine + Nicotinamide,150
1491,Sodium Thiosulfate,39
1492,Sodium Valproate,343
1493,Sofosbuvir,207
1494,Sofosbuvir + Velpatasvir,207
1495,Solifenacin Succinate,32
1496,Somatostatin,198
1497,Somatropin,145
1498,Sorafenib Tosylate,381
1499,Sotalol Hydrochloride,21
1500,Sparfloxacin,1
1501,Spectinomycin,244
1502,Spiramycin,244
1503,Spironolactone,338
1504,Spirulina,208
1505,St. John’s Wort,208
1506,Stevia Rebaudiana,208
1507,Steviol Glycoside,208
1508,Streptokinase,185
1509,Streptomycin,11
1510,Strontium Ranelate,221
1511,Sucralfate,101
1512,Sucralose,297
1513,Sucralose + Acesulfame Potassium,297
1514,Sulconazole Nitrate,0
1515,Sulfacetamide sodium,283
1516,Sulfasalazine,149
1517,Sulfinpyrazone,164
1518,Sulindac,156
1519,Sulphadoxine + Pyrimethamine,52
1520,Sulphamethoxazole + Trimethoprim,375
1521,Sulphonated Surfactant,76
1522,Sumatriptan,2
1523,Sunitinib,381
1524,Super antioxidant [vitamins & minerals],0
1525,Suranjan,208
1526,Suvorexant,256
1527,Suxamethonium Chloride,128
1528,Suzark [Chir Pine; Chickpea; Pearl],208
1529,Tabkheer,208
1530,Tacrolimus (Oral),138
1531,Tacrolimus (Topical),138
1532,Tadalafil,144
1533,Tafluprost,154
1534,Tamoxifen Citrate,210
1535,Tamsulosin  Hydrochloride,86
1536,Tamsulosin Hydrochloride + Dutasteride,86
1537,Tapentadol Hydrochloride,291
1538,Tart Cherry,208
1539,Tazarotene,397
1540,Tea tree oil + Echinacea + Geothermal water,298
1541,Tea tree oil + Geothermal water (eye),316
1542,Tea tree oil + Geothermal water (hair & body),257
1543,Tea Tree Oil + Geothermal Water + Vitamin E,257
1544,Tedizolid Phosphate,0
1545,Tegaserod,149
1546,Teicoplanin,196
1547,Telbivudine,206
1548,Telmisartan,17
1549,Telmisartan + Hydrochlorothiazide,110
1550,Temazepam,73
1551,Temozolomide,125
1552,Tenecteplase,185
1553,Tenofovir Alafenamide,206
1554,Tenofovir Disoproxil Fumarate,147
1555,Tenoxicam,156
1556,Terazosin Hydrochloride,8
1557,Terbinafine Hydrochloride,307
1558,Terbutaline Sulfate,362
1559,Terconazole,169
1560,Terfenadine,278
1561,Teriparatide,387
1562,Terlipressin Acetate,316
1563,Testosterone Decanoate,245
1564,Testosterone Undecanoate,245
1565,Tetanus Antitoxin [Equine],409
1566,Tetrabenazine,66
1567,Tetracycline Hydrochloride (Ophthalmic),283
1568,Tetracycline Hydrochloride (Oral),382
1569,Tetracycline Hydrochloride (Topical),390
1570,Thalidomide,220
1571,Theophylline,88
1572,Thiamine Hydrochloride,415
1573,Thiopental Sodium,193
1574,Thioridazine,330
1575,Thiotepa,200
1576,Thymus Vulgaris Extracts,257
1577,Tibolone,152
1578,Ticagrelor,59
1579,Ticlopidine Hydrochloride,185
1580,Tiemonium Methylsulphate,31
1581,Tigecycline,382
1582,Tila Jadeed [Madar; Mace arillus; Nutmeg nut],208
1583,Timolol Maleate,154
1584,Tinidazole,13
1585,Tioconazole,392
1586,Tiotropium (Dry Powder Inhaler),30
1587,Titanium dioxide + Butyl methoxydibenzoyl methane + Padimate + Oxybenzone,376
1588,Tizanidine Hydrochloride,98
1589,Tobramycin (Nebuliser Solution),11
1590,Tobramycin (Ophthalmic),283
1591,Tocilizumab,159
1592,Tocotrienol + Tocopherol,208
1593,Tofacitinib,220
1594,Tolfenamic acid,310
1595,Tolnaftate,307
1596,Tolperisone + Lidocaine,98
1597,Tolperisone Hydrochloride,96
1598,Tolterodine Tartrate,86
1599,Tolvaptan,359
1600,Topiramate,6
1601,Topotecan,125
1602,Torasemide,240
1603,Torsemide,240
1604,Tramadol Hydrochloride,291
1605,Tranexamic Acid,42
1606,Trastuzumab,0
1607,Trastuzumab Emtansine,23
1608,Travoprost,154
1609,Travoprost + Timolol Maleate,154
1610,Trelagliptin Succinate,130
1611,Tretinoin (Oral),299
1612,Tretinoin (Topical),397
1613,Triamcinolone + Neomycin + Nystatin + Gramicidin,401
1614,Triamcinolone Acetonide (Injection),120
1615,Triamcinolone Acetonide (Nasal Spray),120
1616,Triamcinolone Acetonide (Topical),120
1617,Trifarotene,397
1618,Trifluoperazine,330
1619,Trifluridine,285
1620,Trihexyphenidyl Hydrochloride,58
1621,Trimebutine Maleate,31
1622,Trimetazidine Dihydrochloride,304
1623,Trimipramine,402
1624,Tropicamide,262
1625,Tropicamide + Phenylephrine + Lidocaine,315
1626,Tropicamide + Phenylephrine Hydrochloride,340
1627,Trospium Chloride,312
1628,Trypan Blue,340
1629,TTO Thermal Toothpaste,257
1630,Tulobuterol Hydrochloride,362
1631,Typhoid Polysaccharide Vaccine,409
1632,Ulipristal Acetate [For emergency contraception],135
1633,Ulipristal Acetate [For uterine fibroids],135
1634,Undenatured Type II Collagen,367
1635,Undenatured Type II Collagen + Glucosamine sulfate + Boswellia serrata + Boron,366
1636,Undenatured Type II Collagen + Glucosamine Sulfate + Chondroitin Sulfate,367
1637,Upadacitinib,159
1638,Urea (10%),399
1639,Urea (25%),399
1640,Urokinase,185
1641,Ursodeoxycholic Acid,44
1642,Valacyclovir,209
1643,Valerian Root,208
1644,Valganciclovir,63
1645,Valsartan,17
1646,Valsartan + Hydrochlorothiazide,110
1647,Vancomycin Hydrochloride,0
1648,Vardenafil,144
1649,Varenicline Tartrate,167
1650,Varicella Virus Vaccine,409
1651,Vaskar Laban [Piper + Zingiber + Cinnamomum],208
1652,Vecuronium Bromide,273
1653,Venetoclax,125
1654,Venlafaxine Hydrochloride,360
1655,Verapamil Hydrochloride,92
1656,Vericiguat,372
1657,Verteporfin,139
1658,Vilanterol + Umeclidinium + Fluticasone Furoate,112
1659,Vilanterol Trifenatate + Fluticasone Furoate,353
1660,Vilazodone Hydrochloride,65
1661,Vildagliptin,130
1662,Vildagliptin + Metformin Hydrochloride,108
1663,Vinblastine Sulfate,125
1664,Vincristine Sulfate,125
1665,Vinorelbine Tartrate,125
1666,Vinpocetine,99
1667,Vitamin A,414
1668,Vitamin A; Vitamin B complex; Vitamin C ; Vitamin D and Vitamin E,365
1669,Vitamin B complex,365
1670,Vitamin B complex + Vitamin C,365
1671,Vitamin B Complex + Zinc,366
1672,Vitamin B1; B2 & B6,365
1673,Vitamin B1; B6 & B12,365
1674,Vitamin B12 + Elemental Iron + Folic Acid,226
1675,Vitamin B6; B9 & B12,365
1676,Vitamin C [Ascorbic acid],416
1677,Vitamin C + Vitamin D3 + Folic acid,365
1678,Vitamin C + Vitamin E,56
1679,Vitamin C; Vitamin E; Lutein; Copper & Zinc,55
1680,Vitamin D3 + Vitamin K1 + Vitamin K2,208
1681,Vitamin E [Alpha Tocopherol Acetate],418
1682,vitamins [C; E; B9 and B12] and minerals [Selenium; Copper and Zinc],377
1683,Voglibose,10
1684,Voriconazole,307
1685,Warfarin Sodium,292
1686,Water for injection,316
1687,White Damar + Acacia + Bole Rubra,208
1688,White Soft Paraffin + Liquid Paraffin,175
1689,White soft paraffin + Liquid paraffin + Wool alcohol,175
1690,Xylometazoline Hydrochloride,264
1691,Yellow Fever Vaccine,0
1692,Yohimbine Hydrochloride,208
1693,Zafirlukast,231
1694,Zaleplon,74
1695,Zidovudine,147
1696,Zinc Orotate,367
1697,Zinc Oxide,163
1698,Zinc Oxide [Microfine],376
1699,Zinc oxide + Benzyl alcohol + Benzyl benzoate + Benzyl cinnamate + Lanolin,376
1700,Zinc oxide + Ethylhexyl Methoxycinnamate + 4-Methylbenzylidene Camphor + Butyl Methoxydibenzoylmethane,376
1701,Zinc Oxide + Virgin Castor Oil,175
1702,Zinc oxide; Octinoxate; Enzacamene and Avobenzone,376
1703,Zinc Sulfate Monohydrate,367
1704,Ziprasidone,66
1705,Zoledronic Acid [For hypercalcemia],83
1706,Zoledronic Acid [For osteoporosis],83
1707,Zolmitriptan,2
1708,Zolpidem Tartrate,256
1709,Zonisamide,6
1710,Zopiclone,256
1711,Zuclopenthixol,331
