Indication_ID,Indication_Name
1,Abdominal pain
2,Abortion
3,Abrasion
4,Abscesses
5,Absence seizures
6,Achalasia
7,Acid regurgitation
8,Acidosis
9,Acid-related dyspepsia
10,Acne rosacea
11,Acne vulgaris
12,Acquired immunodeficiency syndrome (AIDS)
13,Acrocyanosis
14,Acromegaly
15,Acromegaly and hyperprolactinemia
16,Actinic keratosis
17,Active immunisation against diphtheria; tetanus and pertussis
18,Active immunisation against hepatitis A
19,Active immunisation against hepatitis B
20,Active immunisation against mumps
21,Active immunisation against Poliomyelitis
22,Active immunisation against rabies
23,Active immunisation against tetanus
24,Active immunisation against varicella infection
25,Active immunisation for the prevention of pneumonia
26,Active immunization against Hepatitis A virus
27,Active immunization against typhoid fever
28,Acute & chronic conjunctivitis
29,Acute agitation
30,Acute and chronic diseases of respiratory tracts
31,Acute and chronic non-infectious conjunctivitis
32,Acute asthma
33,Acute bacterial ear infections
34,Acute bacterial exacerbations of chronic bronchitis
35,Acute bacterial sinusitis
36,Acute bronchospasm
37,Acute coronary insufficiency
38,Acute coronary syndrome
39,Acute coronary syndromes (unstable angina; non-ST elevation MI; ST elevation MI)
40,Acute dental infections
41,Acute diarrhoea
42,Acute Evolving Myocardial Infarction
43,Acute Exacerbations of Chronic bronchitis
44,Acute Exposure to Blood Containing HBsAg
45,Acute gonorrheal urethritis
46,Acute gout
47,Acute gouty arthritis
48,Acute graft rejection in renal transplantation
49,Acute heart failure
50,Acute hemorrhoidal thrombosis
51,Acute hypertension
52,Acute hypovolaemic shock
53,Acute lupus erythematosus
54,Acute lymphoblastic leukaemia
55,Acute Lymphocytic Leukemia
56,Acute manic episodes of bipolar disorder
57,Acute Massive Pulmonary Embolism
58,Acute maxillary sinusitis
59,Acute migraine attacks
60,Acute Ml
61,Acute mucosal infections of the mouth and pharynx
62,Acute myeloid leukaemia
63,Acute necrotising ulcerative gingivitis
64,Acute non articular rheumatism
65,Acute nonspecific gastroenteritis
66,Acute or chronic narrow angle glaucoma
67,Acute otitis media
68,Acute pain
69,Acute painful shoulder
70,Acute promyelocytic leukaemia
71,Acute psychosis
72,Acute pulmonary oedema
73,Acute purulent conjunctivitis
74,Acute renal failure
75,Acute rheumatic carditis
76,Acute salmonellosis
77,Acute severe asthma
78,Acute solar dermatitis
79,Acute sore throat
80,Acute trauma
81,Acute uncomplicated malaria
82,Adenocarcinoma
83,Adjunct to IVF procedures and other assisted conception techniques
84,Adjunct to levodopa treatment in Parkinson's disease
85,Adjuvant therapy in cardiovascular disease especially in angina and congestive heart failure
86,Adrenocortical insufficiency
87,Adrenocortical insufficiency in Addison’s disease
88,Adult chronic immune (idiopathic) thrombocytopenic purpura (ITP)
89,Adult enuresis
90,Adult Respiratory Distress Syndrome
91,Age related eye disease
92,Age-related macular degeneration (AMD)
93,Aggression
94,Agitation
95,Agoraphobia
96,Aid controlled ventilation
97,Aid in dispersal of extravasated fluids or blood
98,Aid in ophthalmic surgery by staining the anterior capsule of the lens
99,AIDS-related Kaposi's sarcoma
100,Albinism
101,Alcohol dependence
102,Alcohol withdrawal syndrome
103,Alcoholism & drug induced hepatotoxicity
104,Alkalinizing agent
105,Allergic anaphylactic shock
106,Allergic and inflammatory conditions of the ear
107,Allergic and inflammatory conditions of the eye
108,Allergic and inflammatory disorders
109,Allergic blepharitis
110,Allergic conditions
111,Allergic conjunctivitis
112,Allergic contact dermatitis
113,Allergic dermatitis
114,Allergic otitis externa
115,Allergic rhinitis
116,Allergic rhinitis accompanied by nasal congestion
117,Allergic skin conditions
118,Allergies
119,Allogeneic bone marrow transplantation
120,Allogeneic or autologous haematopoietic progenitor cell transplantation (HPCT)
121,Alopecia areata
122,Altitude sickness
123,Aluminum overload
124,Alzheimer’s disease
125,Amblyopia
126,Amenorrhea- galactorrhea syndrome
127,Amoebiasis
128,Amoebic dysentery
129,Amyotrophic lateral sclerosis (ALS)
130,Anaemia
131,Anaemia due to inflammatory bowel disease
132,Anaemia in chemotherapy patients
133,Anaemia in zidovudine-treated HIV-infected patients
134,Anaemia of chronic renal failure
135,Anaemia of prematurity
136,Anaemia related to non-myeloid malignant disease chemotherapy
137,Anaerobic bacterial infections
138,Anaesthesia
139,Anal fissure
140,Anal fissures; pruritus ani and similar conditions of the anal area
141,Anal itching
142,Anal or vulvar pruritus
143,Anal pruritus
144,Analgesia
145,Analgesia during labour
146,Anaphylactic shock
147,Ancylostomiasis
148,Androgenic alopecia
149,Anemia; vitamin & mineral deficiency
150,Anesthesia adjunct
151,Angina pectoris
152,Angiocardiography
153,Angiography
154,Angioplasty
155,Angular cheilitis
156,Anitis
157,Ankylosing spondylitis
158,Anogenital pruritus
159,Anogenital warts
160,Anorexia and cachexia
161,Anorexia nervosa
162,Anovulatory infertility
163,Anthrax
164,Anti - inflammatory treatment
165,Antibiotic-associated colitis
166,Antidepressant-induced inorgasmia
167,Anti-hypertensive
168,Anti-inflammatory or immunosuppressive
169,Antioxidant
170,Antiseptic skin cleanser
171,Anxiety
172,Apathy
173,Apnoea
174,Appetite stimulation
175,Apthous ulcer
176,Arrhythmias
177,Arterial Thrombosis or Embolism
178,Arteriography
179,Arteriovenous Cannulae Occlusion
180,Artherosclerotic vascular disease
181,Arthritis
182,Artificial sweetener
183,Artificially ventilated patients
184,Ascariasis
185,Ascites
186,Aspergillosis
187,Aspiration pneumonia
188,Assisted reproductive technologies
189,Asthma
190,Asthma prophylaxis
191,Asthmatic bronchitis
192,Astrocytoma
193,Atelectasis
194,Atherosclerosis
195,Athlete’s foot
196,Atopic dermatitis
197,Atopic eczema
198,Atopic or contact dermatoses
199,Atrial fibrillation
200,Atrial fibrillation and atrial flutter
201,Atrial flutter
202,Attention deficit hyperactivity disorder (ADHD)
203,Atypical pneumonia
204,Auditory vestibular and visual disorder
205,Aural infections
206,Auto-immune diseases
207,Babesiosis
208,Back pain
209,Backache
210,Bacteraemia
211,Bacteraemia and meningitis
212,Bacteraemic pneumonia
213,Bacterial and trichomonal vaginitis
214,Bacterial Conjunctivitis
215,Bacterial corneal ulcer
216,Bacterial ear infections
217,Bacterial endocarditis
218,Bacterial eye infections
219,Bacterial infections
220,Bacterial meningitis
221,Bacterial Meningitis caused by Staphylococcus
222,Bacterial ocular infections
223,Bacterial or fungal vaginal infection
224,Bacterial Pneumonia caused by Staphylococcus
225,Bacterial prostatis
226,Bacterial septicemia
227,Bacterial skin infections
228,Bacterial vaginosis
229,Bad breath
230,Balanced anaesthesia
231,Balantidiasis
232,Basal cell carcinoma
233,Bed sore
234,Behavioral disturbances
235,Behcet’s syndrome
236,Bell’s palsy
237,Benign breast disorders
238,Benign gastric and duodenal ulceration
239,Benign prostatic hyperplasia (BPH)
240,Benzodiazepine overdose
241,Benzodiazepine-induced sedation
242,Beriberi and polyneuritis
243,Beriberi and Wernick’s encephalopathy
244,Biliary colic
245,Biliary dyskinesia
246,Biliary-tract infections
247,Binge eating disorder
248,Bipolar disorder
249,Bipolar mania
250,Bites
251,Bladder carcinoma
252,Bladder spasms
253,Blastocystis hominis infection
254,Bleeding or blood clotting problems
255,Blepharitis
256,Blepharospasm
257,Blisters
258,Block the virus from multiplying
259,Body dysmorphic disorder
260,Bodyache
261,Boils
262,Bone and Joint Infections
263,Bone malignancies
264,Bone marrow stimulation
265,Bone marrow transplantation
266,Botulism
267,Bowel evacuation
268,Braces
269,Bradycardia
270,Brain abscesses
271,Brain tumours
272,Breakthrough pain
273,Breast cancer
274,Breast cancer and bone metastases
275,Breast cancer in postmenopausal women
276,Breast cancers and glioblastoma multiforme of the brain
277,Breast pain
278,Bronchial asthma
279,Bronchiectasis
280,Bronchitis
281,Bronchodilator
282,Bronchopneumonia
283,Brucellosis
284,Bulimia nervosa
285,Bullous dermatitis herpetiformis
286,Burkitt's lymphoma
287,Burn injury
288,Burning and irritation of the eye
289,Burning feet syndrome
290,Burning mouth syndrome
291,Burning sansation
292,Burning; pain and skin inflammations
293,Burns
294,Bursitis
295,B-vitamins and Zinc deficiencies
296,Calcium & vitamin D supplement
297,Calcium and magnesium deficiencies
298,Calcium and vitamin C deficiency
299,Calcium and vitamin D deficiency
300,Calcium deficiency
301,Calcium suppliment
302,Callus
303,Caloric feeding
304,Cancer
305,Cancer pain
306,Cancer patients receiving bone marrow transplant
307,Cancer patients receiving myelosuppressive chemotherapy
308,Cancer Prevention
309,Cancer therapy-induced hyperuricaemia
310,Candida albicans
311,Candida nappy rash
312,Candidaemia
313,Candidal balanitis
314,Candidal cystitis
315,Candidemia
316,Candidiasis
317,Canker sores
318,CAPD associated peritonitis
319,Capillary bleeding
320,Carbohydrate nutrient in diabetic patients
321,Carbon monoxide poisoning
322,Carbuncles
323,Carcinoma
324,Carcinoma of the colon or rectum
325,Cardiac arrest
326,Cardiac arrhythmias
327,Cardiac stress test
328,Cardiomyopathy
329,Cardiopulmonary Bypass Surgery
330,Cardiovascular disease
331,Cardiovascular event prevention
332,Cardiovascular risk reduction
333,Carditis
334,Cat scratch disease
335,Cataplexy
336,Cataract & glaucoma operations
337,Cataract surgery
338,Catarrh
339,Cavities
340,Cellulitis
341,Central respiratory depression
342,Central retinal vein occlusion
343,Cerebral oedema
344,Cerebral or pulmonary edema
345,Cerebral palsy
346,Cerebrovascular disease
347,Cerebrovascular insufficiency
348,Cervical cancer
349,Cervical dystonia
350,Cervical intraepithelial neoplasia
351,Cervical priming
352,Cervical softening and dilatation
353,Cervicitis
354,Cervicitis and proctitis
355,Cervicitis and salpingitis
356,Chancroid
357,Chapped roughened hands
358,Cheilosis
359,Chemotherapy induced nausea and vomiting
360,Chemotherapy induced-neutropenia
361,Chest congestion
362,Chickenpox
363,Children’s growth disorders
364,Chlamydial cervicitis
365,Chlamydial infections
366,Chlamydial urethritis
367,Chloasma
368,Chloroquine-resistant falciparum malaria
369,Cholecystitis
370,Cholera
371,Cholestatic liver disease
372,Chorea
373,Choriocarcinoma
374,Choroiditis
375,Chronic anal fissure
376,Chronic angina
377,Chronic anterior uveitis and corneal injury
378,Chronic asthma
379,Chronic atopic dermatitis
380,Chronic bacterial prostatitis
381,Chronic bronchitis
382,Chronic cholelithiasis
383,Chronic conjunctivitis
384,Chronic cutaneous graft-vs-host disease
385,Chronic emphysema
386,Chronic Fatigue Syndrome
387,Chronic gastritis
388,Chronic hepatitis B
389,Chronic hepatitis C
390,Chronic idiopathic constipation
391,Chronic idiopathic myelofibrosis
392,Chronic idiopathic urticaria (hives)
393,Chronic iron overload
394,Chronic low back pain
395,Chronic lymphocytic leukaemia
396,Chronic lymphocytic leukemia
397,Chronic muscle spasticity
398,Chronic myelogenous leukaemia
399,Chronic myeloid leukaemia
400,Chronic obstructive pulmonary disease (COPD)
401,Chronic open angle glaucoma
402,Chronic or recurrent bacteriuria
403,Chronic pain
404,Chronic pneumonia.
405,Chronic psychoses
406,Chronic renal failure
407,Chronic simple lichen
408,Chronic stable angina
409,chronic stable or vasospastic angina
410,Chronic urticaria
411,Chronic venous disease
412,Cirrhosis
413,Cleansing and irrigating the skin or dirty wounds
414,Cleansing of the colon
415,Cluster headache
416,CMV infections
417,Coccidioidomycosis
418,Cocorticoid induced osteoporosis
419,Cognitive decline
420,Cognitive enhancer
421,Cold
422,Cold sores
423,Colic
424,Colitis
425,Colonopathies
426,Colonoscopy
427,Colonoscopy preparation
428,Colorectal cancer
429,Common cold
430,Community-acquired pneumonia
431,Complicated and recurrent urinary tract infections
432,Complicated skin and skin structure infections
433,Complicated UTI
434,Condylomata acuminata
435,Congenital adrenal hyperplasia
436,Congenital icthyosis
437,Congestion
438,Congestive heart failure
439,Conjunctival decongestant
440,Conjunctivitis
441,Conjunctivitis; blepharitis and blepharoconjunctivitis
442,Constipation
443,Constipation and bowel irregularity
444,Contact dermatitis
445,Contraception
446,Conversion of atrial fibrillation/flutter
447,COPD
448,Cornea transplant surgery
449,Corneal anesthesia
450,Corneal protection
451,Corneal ulcer
452,Corns
453,Corns and calluses
454,Coronary artery disease
455,Cortical myoclonus
456,Corticosteriod responsive dermatoses with secondary infection
457,Corticosteriod-responsive dermatoses
458,Cough
459,Cough and common cold
460,Cough and runny nose
461,Cracked and itchy skin
462,Cracked feet
463,Crohn’s disease
464,Crural ulcer
465,Cryptitis
466,Cryptococcal meningitis
467,Cryptococcosis
468,Cryptorchidism
469,Cryptosporidiosis
470,Curvature
471,Cushing's and Nelson's syndrome
472,Cushing's disease
473,Cutaneous albinism
474,Cutaneous candidiasis
475,Cutaneous candidiasis and pityriasis versicolor
476,Cutaneous T-cell lymphoma
477,Cutaneous or mucocutaneous mycotic infections
478,Cuteneous candidiasis with superficial bacterial infection
479,Cuts
480,CVD
481,Cyanide poisoning
482,Cyanosis
483,Cyclical mastalgia
484,Cyclitis
485,Cycloplegia
486,Cystic fibrosis
487,Cystitis
488,Cystoid macular oedema
489,Cytomegaloviral infections
490,Cytomegalovirus (CMV) retinitis
491,Daily multivitamin maintenance
492,Dandruff
493,Darier's disease
494,Decubitus or stasis ulcers
495,Deep anesthesia as in cataract extraction
496,Deep tissue candida infections
497,Deep vein thrombosis
498,Deficient protein metabolism
499,Degenerative diseases
500,Degenerative joint disease
501,Dehydration
502,Delay imminent pre-term birth
503,Delayed puberty
504,Delirium
505,Dementia
506,Dementia in alzheimer's disease
507,Dental abscess
508,Dental bleeding
509,Dental caries
510,Dental cavity
511,Dental hypersensitivity
512,Dental infections
513,Dental infiltration anesthesia
514,Dental nerve block
515,Dental pain
516,Dental plaque
517,Dental surgery
518,Denture sores
519,Denture stomatitis
520,Dentures
521,Depression
522,Dermatitis
523,Dermatitis herpetiformis
524,Dermatitis Solaris
525,Dermatofibro sarcoma protuberans
526,Dermatomycoses
527,Dermatomyositis
528,Dermatophytosis
529,Developed to treat the muscle rigidity
530,Development and proper functioning of their vital organs
531,Diabetes insipidus
532,Diabetes mellitus
533,Diabetic angiopathy
534,Diabetic coma
535,Diabetic foot infections
536,Diabetic foot ulcer
537,Diabetic gastric stasis
538,Diabetic ketoacidosis
539,Diabetic macular edema
540,Diabetic nephropathy
541,Diabetic neuropathy
542,Diabetic ulcers
543,Diagnostic ophthalmic procedures
544,Diagnostic procedures
545,Dialysis
546,Diaper rash
547,Diarrhoea
548,Dietary supplement for infants
549,Dietary supplements
550,Dietary supplements (Vitamin deficiencies)
551,Different skin problems (e.g.; psoriasis)
552,Diffuse scleroderma
553,Dilatation of pupil
554,Diluting or dissolving drugs
555,Diphtheria
556,Direct acting antiviral agent (DAA) against the hepatitis C virus
557,Discomfort of the eye
558,Disinfection
559,Disinfection of the skin and hand
560,Disseminated candidiasis
561,Dissolution of cholesterol rich gallstones
562,Disturbed biorhythms
563,Diverticular diseases
564,Diverticulitis
565,Dizziness
566,Down Syndrome
567,Dracunculiasis
568,Drug hypersensitivity reactions
569,Drug induced extrapyramidal syndrome
570,Drug induced Myopathy
571,Drug induced photosensitivity
572,Drug overdose
573,Dry cough
574,Dry eye
575,Dry Irritated eyes
576,Dry mouth
577,Dry skin
578,Dry skin associated with contact dermatitis
579,Dryness and pain associated with reduced or abnormal tear production
580,Duodenal ulcer
581,Duodenitis
582,During infectious diseases and convalescence
583,Dyeing hair
584,Dysentery
585,Dysfunctional uterine bleeding (DUB)
586,Dyskeratosis
587,Dyslipidemia
588,Dysmenorrhoea
589,Dyspareunia
590,Dyspepsia
591,Dysphoria
592,Dysuria
593,Early menstrual regulation
594,Eating disorder
595,Echinococcosis
596,Eclampsia
597,Eczema
598,Eczematoid dermatitis
599,Electrolyte replenisher
600,Electrolytes or calories or as an alkalinizing agent
601,Elevated intraocular pressure
602,Emergency contraception
603,Emotional disturbance
604,Emphysema
605,Empyema
606,Encephalitis virus vaccine
607,Encephalomyelitis
608,Endocarditis
609,Endocrine Disorders
610,End-of-dose motor fluctuations
611,Endometrial carcinoma
612,Endometriosis
613,Endometritis
614,Endometrium cancer
615,Endophthalmitis
616,Endotracheal intubation
617,End-stage renal failure
618,Energy malnutrition
619,Enoxaparin or dalteparin overdosage
620,Ensures good eye sight
621,Enteric fever
622,Enteritis
623,Enterobiasis
624,Enterocolitis
625,Enuresis
626,Envenomation caused by snake bites
627,Epidermal growth factor receptor (EGFR)
628,Epidural
629,Epidural anaesthesia
630,Epidural analgesia
631,Epidural intrathecal anesthesia
632,Epilepsy
633,Episcleritis
634,Erectile dysfunction
635,Erosive oesophagitis
636,Erysipelas
637,Erysipeloid
638,Erythema multiforme
639,Erythema nodosum leprosum (Type 2)
640,Erythrasma
641,Essential hypertension
642,Essential thrombocythemia
643,Essential tremor
644,Excessive sweating
645,Excretory urography
646,Exfoliative dermatitis
647,Extra-articular disorders
648,Extraocular and intraocular irrigating solution during ocular surgical procedure
649,Extrapyramidal symptoms
650,Exudative ARMD
651,Eye allergy
652,Eye health
653,Eye infections
654,Eye irritation
655,Eye refraction
656,Facial paralysis
657,Facilitate endotracheal intubation
658,Facilitate lactation
659,Facilitate mechanical ventilation in intensive care
660,Faecal impaction
661,Falciparum malaria
662,Familial adenomatous polyposis
663,Familial hypercholesterolemia
664,Familial hypophosphatemia
665,Familial mediterranean fever
666,Fat carbohydrate metabolism
667,Fatigue
668,Fatty liver
669,Febrile neutropenia
670,Feebleness
671,Female hypogonadism
672,Female infertility
673,fenestration
674,Fertility
675,Fever
676,Fever blisters
677,Fibromyalgia
678,Filariasis
679,Fitting of hard contact lenses
680,Flaking scalps
681,Flatulence
682,Flu
683,Fluid and electrolyte imbalance
684,Fluid and electrolytes replenisher in hypervolemia
685,Fluid replacement
686,Folic acid & zinc Deficiency
687,Folic acid deficiency
688,Follicular lymphoma
689,Folliculitis
690,Following pancreatic surgery
691,Food supplement
692,For degerming skin in hyperalimentation and catheter care
693,For growing children
694,Fracture and joint manipulation
695,Freckles
696,Functional diarrhea
697,Functional dyspepsia
698,Functional rehabilitation after cerebrovascular accidents
699,Funduscopy
700,Fungal conjunctivitis
701,Fungal corneal ulcers
702,Fungal eye infections
703,Fungal infections
704,Fungal infections of the mouth Throat and gut
705,Fungal keratitis
706,Fungal otitis externa
707,Fungal skin infections
708,Fungal UTIs
709,Fungating tumours
710,Furuncles
711,Furunculosis
712,Fusobacterium infections
713,Galactorrhea
714,Gangrene
715,Gas gangrene
716,Gastric and duodenal ulceration
717,Gastric bypass surgery
718,Gastric cancer
719,Gastric Hyperacidity
720,Gastric problems
721,Gastric ulcer
722,Gastritis
723,Gastroenteritis
724,Gastro-enteritis with dehydration
725,Gastroesophageal reflux disease (GERD)
726,Gastrointestinal (Gl) bleeding from stress
727,Gastrointestinal disorders
728,Gastrointestinal haemorrhage
729,Gastrointestinal haemorrhage from stress ulceration
730,Gastrointestinal hyperacidity
731,Gastrointestinal stromal tumor
732,Gastrointestinal Stromal Tumors
733,Gastrointestinal tract infections
734,Gastrointestinal tract spasm
735,Gastroparesis
736,General anaesthesia
737,General kidney & heart transplant
738,General weakness
739,Generalized anxiety disorder
740,Generalized tonic-clonic seizures
741,Genital herpes
742,Genital warts
743,Genitourinary spasm
744,Genitourinary tract infections
745,Germ cell tumors
746,Giardiasis
747,Gingivitis
748,Glabellar and lateral Canthal lines (cosmetic purpose)
749,Glaucoma
750,Glaucoma surgery
751,Glioblastoma multiforme
752,Glossitis
753,Gluten enteropathy or sprue
754,Gnathostomiasis
755,Gonococcal urethritis
756,Gonorrhoea
757,Gout
758,Gouty arthritis
759,Gram-positive infection
760,Granuloma inguinale
761,Graves’ disease
762,Graying hair
763,Grazes
764,Group A Streptococcus infections
765,Growth and repair of body tissue; bone; skin; teeth & hair.
766,Growth hormone deficiency
767,Guillain-Barre syndrome
768,Gum disease
769,Gum sore
770,Gum swelling
771,Gynaecomastia
772,Gynecological infections
773,H. pylori infection
774,Habitual abortion
775,Haematuria
776,Haemodialysis
777,Haemophilia A
778,Haemophilus influenzae type b infection
779,Haemoptysis
780,Haemorrhage
781,Haemorrhagic cystitis and haematuria
782,Haemorrhoids (Piles)
783,Hair loss
784,Hairy cell leukaemia
785,Hand and foot eczema
786,Hay fever
787,Head & neck cancer
788,Head injury
789,Head lice
790,Head pediculosis
791,Headache
792,Healthy urinary flow
793,Heart disease
794,Heart failure
795,Heartburn
796,Heartburn & gastritis
797,Helicobacter pylori eradication
798,Helminthiasis
799,Hematological and Oncological Disorders
800,Hemicrania continua
801,Hemodialysis dependent-chronic kidney disease (HDD-CKD) patients receiving an erythropoietin
802,Hemofiltration
803,Hemolytic disease of the newborn
804,Hemophilia
805,Hemophilia A
806,Hemorrhage
807,Heparin overdosage
808,Hepatic amoebiasis
809,Hepatic cirrhosis with ascites and oedema
810,Hepatic encephalopathy
811,Hepatic insufficiency
812,Hepatic transplant rejection
813,Hepatitis A virus
814,Hepatitis B virus
815,Hepatitis C virus related thrombocytopenia
816,Hepatits A
817,Hepatocellular Carcinoma
818,Hepatoprotective and antioxidant activity
819,Hereditary angioedema
820,Hereditary hemorrhagic telangiectasia
821,Herpes labialis
822,Herpes simplex
823,Herpes simplex keratitis
824,Herpes virus infections
825,Herpes zoster (shingles)
826,Herpes zoster keratitis
827,Herpes zoster ophthalmicus
828,Hiccups
829,Hidradenitis
830,High Cholesterol
831,High triglyceride
832,Hirsutism
833,Histiocytic lymphoma
834,Histoplasmosis
835,HIV infection
836,HIV-associated diarrhoea
837,HIV-associated wasting or cachexia
838,Hives
839,HMG CoA reductase inhibitors
840,Hodgkin’s disease
841,Hodgkin’s lymphoma
842,Homozygous familial hypercholesterolemia
843,Hookworm infections
844,Hormone replacement therapy
845,Hot flushes
846,Household Exposure to Persons with Acute HBV Infection
847,Human Papillomavirus infection
848,Hydration
849,Hyperacidity
850,Hyperactivity
851,Hyperactivity disorders
852,Hyperaldosteronism
853,Hypercalcaemia
854,Hypercalcaemia of malignancy
855,Hyperchlorhydria
856,Hypercholesterolaemia
857,Hyperekplexia
858,Hypereosinophilic syndrome
859,Hyperhidrosis
860,Hyperhomocysteinemia
861,Hyperkalaemia
862,Hyperkalemia
863,Hyperkeratosis
864,Hyperkeratotic
865,Hyperkeratotic and scaling skin conditions
866,Hyperlipidaemia
867,Hyperlipidemia
868,Hyperparathyroidism
869,Hyperphosphataemia
870,Hyperphosphataemia in patients with chronic renal failure
871,Hyperpigmentation
872,Hyperprolactinemia
873,hyperpyrexia
874,Hypersecretory conditions
875,Hypersensitivity reactions
876,Hypertension
877,Hypertensive crisis
878,Hyperthyroidism
879,Hypertriglyceridaemia
880,Hypertrophic cardiomyopathy
881,Hyperuricaemia
882,Hypnotic
883,Hypoalbuminemia
884,Hypocalcaemia
885,Hypocalcemic tetany
886,Hypodermoclysis
887,Hypoglycemia
888,Hypogonadism
889,Hypogonadotrophic hypogonadism
890,Hypokalaemia
891,Hypomagnesemia
892,Hyponatraemia
893,Hypoparathyroidism
894,Hypophosphataemia
895,Hypoproteinaemia
896,Hypoprothrombinemia
897,Hypotension
898,Hypotensive anaesthesia
899,Hypothyroidism
900,Hypovolaemia and shock
901,Hypovolaemic shock
902,Hypovolemia
903,Ichthyosis
904,Ichthyosis and dry skin conditions
905,Ideal for those with photodermatoses & reduced skin pigmentation
906,Idiopathic intracranial hypertension
907,Idiopathic parkinsonism
908,Idiopathic Pulmonary Fibrosis
909,Idiopathic thrombocytopenic purpura
910,Imaging of the Gl tract
911,Immune system depression
912,Immunodeficiency
913,Impaired speech
914,Impetigo
915,Impetigo and infected dermatitis
916,Improve appetite and growth of children
917,Improve skin tone and texture
918,Improves Cardiovascular health (Atherosclerosis; reduce cholesterol)
919,Improves recovery from central nervous system injuries
920,Improving recovery after stroke
921,Improving the nutritional status of women prior to conception
922,Improving the nutritional status of women throughout the pregnancy
923,In vitro fertilization
924,In vitro fertilization procedures
925,Incisions and other topical lesions
926,Including patients managed medically
927,Increase bone mass in men with osteoporosis
928,Increase platelet count in patients with idiopathic thrombocytopenic purpura
929,Increase yield of autologous blood
930,Increased demand for Calcium and Vitamin C
931,Increases immunity
932,Increases the carnitine which is responsible of energy production
933,Indigestion
934,Induction and augmentation of labor
935,Induction of anesthesia
936,Infantile colic
937,Infantile eczema
938,Infantile spasms
939,Infected acne
940,Infected burns
941,Infected decubitus or stasis ulcers
942,Infected eczema
943,Infected surgical incisions
944,Infected traumatic lesions
945,Infected wounds & ulcers
946,Infections
947,Infections caused by Staphylococcus
948,Infections of the lower respiratory tract
949,Infectious disease
950,Infective endocarditis
951,Infective otitis externa
952,Infertility
953,Infertility due to cervical hostility
954,Infiltration anesthesia
955,Inflammation
956,Inflammation of the cornea
957,Inflammation of the external ear
958,Inflammatory bowel disease
959,Inflammatory conditions of the palpebral and bulbar conjunctiva
960,Inflammatory diseases of Rhinopharyngeal tract
961,Inflammatory eye disorders
962,Inflammatory joint disease
963,Inflammatory skin disorders
964,Influenza
965,Influenza A and B
966,Influenza virus vaccine
967,Ingrown toenails
968,Injuries (traumatic shock)
969,Injury of the pyramidal tract
970,Inoperable metastatic breast cancer
971,Insect bite and skin disease by secondary bacterial infection.
972,Insect bites
973,Insect repellent
974,Insect stings
975,Insomnia and sleep disturbances
976,Insomnia associated with anxiety
977,Intermittent angioneurotic dysbasia
978,Intermittent claudication
979,Interstitial cystitis
980,Intertrigo
981,Intestinal amoebiasis
982,Intestinal candidiasis
983,Intestinal hypermotility
984,Intestinal or oropharyngeal candidiasis
985,Intimate hygiene wash
986,Intra-abdominal infections
987,Intrapartum prophylaxis against group B streptococcal infections
988,Intrauterine growth retardation
989,Intravenous use in MRI to visualize lesions with abnormal vascularity in the brain; spine and associated tissues
990,Invasive aspergillosis
991,Iodine deficiency
992,Iodine deficiency disorders
993,Iridocyclitis
994,Iritis
995,Iritis and iridocyclitis
996,Iron and folic acid deficiency in pregnancy
997,Iron deficiency
998,Iron deficiency anemia
999,Iron deficiency during pregnancy and lactation
1000,Iron overload
1001,Iron poisoning
1002,Iron supplement
1003,Iron; Folic Acid and zinc deficiency during pregnancy and lactation
1004,Iron; Folic acid; Zinc; Vitamin B & Vitamin C deficiency during pregnancy and lactation
1005,Iron; Vitamin B and Zinc deficiencies
1006,Irrigation of the tear ducts
1007,Irrigation solution
1008,Irritability
1009,Irritability in autism
1010,Irritable bowel syndrome (IBS)
1011,Irritable bowel syndrome and constipation
1012,Irritable or spastic colon
1013,Irritation and discomfort of the eye
1014,Ischaemic events
1015,Ischaemic heart disease
1016,Ischemic stroke
1017,Itchiness or irritation around the anus
1018,Itching
1019,Itching and pain
1020,Itchy or watery eyes
1021,Jaundice
1022,Jock itch
1023,Joint and muscular pains
1024,Joint inflammations
1025,Joint pain
1026,Joint stiffness
1027,Juvenile idiopathic arthritis
1028,Juvenile rheumatoid arthritis
1029,Kaposi's sarcoma
1030,Kawasaki disease
1031,Kawasaki disease and dermatomyositis sarcoidosis
1032,Keratitis
1033,Keratitis disciformis
1034,Keratoconjunctivitis
1035,Keratoconjunctivitis and recurrent epithelial keratitis due to herpes simplex viruses
1036,Keratoconjunctivitis sicca
1037,Keratosis
1038,Keratosis pilaris
1039,Kidney cancer
1040,Kidney disease
1041,Kidney stones and inflammatory bowel disease (e.g.; ulcerative colitis; leaky gut syndrome)
1042,Labour induction
1043,Lacerations
1044,Lacrimation
1045,Lactation
1046,Lactation suppression
1047,Lactose intolerance such as bloating; flatulence; diarrhea
1048,Latent tetany
1049,Left ventricular dysfunction
1050,Leg cramps
1051,Leg ulcers and pressure sores
1052,Legionellosis
1053,Legionnaire’s disease
1054,Leishmaniasis
1055,Lens opacification
1056,Leprosy
1057,Letterer-Siwe disease
1058,Leukemia
1059,Libido
1060,Lichen
1061,Lichen planus
1062,Lichen sclerosus
1063,Lichen simplex
1064,Limb spasticity
1065,Listeriosis
1066,Liver cirrhosis
1067,Liver disease
1068,Liver transplant
1069,Local anaesthesia
1070,Local occular anaesthesia
1071,Local or regional anesthesia
1072,Local pain relief
1073,Loeffler's syndrome
1074,Loiasis
1075,Low back pain
1076,Lower respiratory tract infections
1077,Lower the blood pressure
1078,Lower urinary tract infections
1079,Lubrication
1080,Lumbago sciatica
1081,Lung abscess
1082,Lung cancer
1083,Lyme disease
1084,Lymphatic filariasis
1085,Lymphocytic leukemia
1086,Lymphocytic lymphoma
1087,Lymphogranuloma venereum
1088,Lymphoma
1089,Lymphosarcoma
1090,Macrocytic anaemia
1091,Macular Degeneration
1092,Magnesium sulfate overdose
1093,Maintain anesthesia
1094,Maintain healthy skin; hair; nail; teeth; bone; eye and nervous system
1095,Maintenance of normal sinus rhythm
1096,Major depression
1097,Major depressive disorder
1098,Major trauma
1099,Malaria
1100,Malaria prophylaxis
1101,Male hypogonadism
1102,Male Hypogonadotropic Hypogonadism
1103,Male infertility
1104,Male pattern baldness
1105,Malignancy
1106,Malignant effusions
1107,Malignant gastrointestinal stromal tumours
1108,Malignant gliomas
1109,Malignant melanoma
1110,Malignant neoplasm
1111,Malignant pleural mesothelioma
1112,Malnourished infants
1113,Malnutrition
1114,Mania
1115,Mantle cell lymphoma
1116,Mastitis
1117,Mastocytosis
1118,mastoidectomy
1119,Measles
1120,Measles attack in immunocompromised patients
1121,Megaloblastic anaemia
1122,Melanoma
1123,Melasma
1124,Melioidosis
1125,Memory deficiency
1126,Meniere’s disease
1127,Meningioma
1128,Meningitis
1129,Meningitis and brain abscesses
1130,Meningococcal infection
1131,Meningococcal meningitis
1132,Meningococcal meningitis and septicaemia
1133,Meningococcal Pneumonia
1134,Meningococcemia
1135,Menopausal atrophic vaginitis
1136,Menopausal flushing
1137,Menopausal hormone replacement therapy
1138,Menopausal HRT
1139,Menopausal symptoms
1140,Menorrhagia
1141,Menstrual cramps
1142,Menstrual disorders
1143,Metabolic alkalosis
1144,Metastatic breast carcinoma
1145,Metastatic melanoma
1146,Metastatic non-small cell lung cancer
1147,Metastatic Ovarian Tumors
1148,Metastatic prostate cancer
1149,Metastatic Testicular Tumors
1150,Methotrexate toxicity
1151,Microbial contamination in burns
1152,Microcytic anaemia
1153,Micturition complaints
1154,Middle ear infections (otitis media)
1155,Migraine
1156,Migraine and bipolar disorder
1157,Migraine headache
1158,Migraine prophylaxis
1159,Migraines
1160,Mild cystitis and spasmodic dysmenorrhoea
1161,Mild diarrhea
1162,Mild to moderate dementia in Alzheimer’s disease
1163,Mild to moderate hypertension
1164,Mild to moderate pain
1165,Mild to moderate pain and fever
1166,Mineral supplement
1167,Minor burns
1168,Minor cuts
1169,Minor cuts and wounds
1170,Minor dental procedures
1171,Minor skin infections
1172,Miosis
1173,Miscarriage
1174,Missed abortion
1175,Ml
1176,Moderate to severe pain
1177,Moderate to severe symptoms of uterine fibroids
1178,Moderate to severe tardive dyskinesia
1179,Moderate to severe vasomotor symptoms associated with menopause
1180,Motion sickness
1181,Mottled hyperpigmentation
1182,Mouth sore
1183,Mouth ulcers
1184,Movement disorders
1185,Mucocutaneous herpes
1186,Mucolytic
1187,Mucosal candidiasis
1188,Multiple drug resistant pneumonia
1189,Multiple myeloma
1190,Multiple sclerosis
1191,Muscle aches
1192,Muscle pain caused by spinal cord injury
1193,Muscle relaxant
1194,Muscle relaxant in general anaesthesia
1195,Muscle relaxant in general anesthesia
1196,Muscle spasm
1197,Muscular cramps.
1198,Muscular hypertension
1199,Musculoskeletal and joint disorders
1200,Musculoskeletal joint pain
1201,Musculoskeletal pain
1202,Myasthenia gravis
1203,Mycoplasma pneumoniae
1204,Mycosis fungoides
1205,Mydriasis
1206,Mydriasis and cycloplegia for refraction
1207,Myelodysplastic disease
1208,Myelofibrosis
1209,Myeloproliferative disorders
1210,Myocardial infarction
1211,Myositis
1212,Myxoedema coma
1213,Nail fungal infections
1214,Nail infections
1215,Nappy rash
1216,Narcolepsy
1217,Nasal congestion
1218,Nasal polyposis
1219,Nasal polyps
1220,Nausea
1221,Nausea and vomiting
1222,Nausea and vomiting after surgery
1223,Nausea and vomiting associated with chemotherapy or radiotherapy
1224,Necessary for the normal process in protein
1225,Neck pain
1226,Negative nitrogen balance
1227,Neonatal Conjunctivitis
1228,Neonatal hyperbilirubinaemia
1229,Neonatal sepsis
1230,Neovascular age-related macular degeneration
1231,Nephrosis
1232,Nephrotic syndrome
1233,Neural tube defect
1234,Neuralgia
1235,Neuritis of pregnancy
1236,Neuroblastoma
1237,Neurocysticercosis
1238,Neurodermatitis
1239,Neuroendocrine tumors
1240,Neurogenic bladder disorders
1241,Neurological disorders
1242,Neuropathic pain
1243,Neuropathy
1244,Neurosyphilis
1245,Neutropenia
1246,Neutropenia after cytotoxic chemotherapy
1247,Nicotinic acid deficiency
1248,Night blindness
1249,Nocturia
1250,Nocturnal enuresis
1251,Nocturnal leg cramps
1252,Nocturnal myoclonus
1253,Non ST segment elevation Myocardial Infarction
1254,Non ulcer dyspepsia
1255,Non-alcoholic fatty liver disease (NAFLD)
1256,Non-alcoholic steatohepatitis (NASH)
1257,Nonallergic rhinitis
1258,Non-dialysis dependent-chronic kidney disease (NDD-CKD) patients not receiving an erythropoietin
1259,Non-dialysis dependent-chronic kidney disease (NDD-CKD) patients receiving an erythropoietin
1260,Nongonococcal cervicitis
1261,Non-gonococcal urethritis
1262,Non-Hodgkin lymphoma
1263,Nonketotic hyperosmolar coma
1264,Non-productive cough
1265,Nonproductive coughs
1266,Non-small cell lung cancer
1267,Nonspecific conjunctival irritation
1268,Non-ST-elevation myocardial infarction (NSTEMI)
1269,Non-tubercular mycobacterial infections
1270,Nosocomial pneumonia
1271,NSAID-induced ulcers
1272,Nutrition
1273,Nutritional supplement
1274,Nutritional supplement of osteoporosis
1275,Nutritional therapy
1276,Obesity
1277,Obliquity of male organ.
1278,Obliterative arteriosclerosis
1279,Obliterative thromboangitis
1280,Obsessive-compulsive disorder (OCD)
1281,Obstetric analgesia
1282,Obstructive sleep apnea (OSA)
1283,Occular pain and inflammation
1284,Ocular and ear inflammation with bacterial infection
1285,Ocular hypertension
1286,Ocular infections
1287,Ocular inflammation
1288,Ocular pain
1289,Ocular pain and inflammation
1290,Oedema
1291,Oesophageal cancer
1292,Oesophageal carcinoma
1293,Oesophagitis
1294,Oestrogen deficiency
1295,Oliguric phase of renal failure
1296,Onchocerciasis
1297,Onychomycosis
1298,Open angle glaucoma
1299,Open heart surgery
1300,Ophthalmic surgery
1301,Opioid dependence
1302,Opioid induced depression
1303,Opioid overdosage
1304,Optic neuritis
1305,Oral candidiasis or thrush
1306,Oral contraceptives
1307,Oral hygiene
1308,Organ transplantation
1309,Organic brain syndrome (OBS)
1310,Organophosphorous poisoning
1311,Oropharyngeal candidiasis/Thrush
1312,Orthopedics Surgery
1313,Osmotic laxative
1314,Osmotic purgative
1315,Osteoarthritis (degenerative arthritis)
1316,Osteocalcaemia
1317,Osteogenic sarcoma
1318,Osteomalacia
1319,Osteomyelitis
1320,Osteopetrosis or stone bone
1321,Osteoporosis
1322,Otic infections
1323,Otic inflammation
1324,Otitis externa
1325,Otitis media
1326,Ovarian cancer
1327,Ovarian failure
1328,Ovarian hyperstimulation syndrome
1329,Overactive bladder
1330,Over-anticoagulation
1331,Ovulation induction
1332,Paget’s disease of bone
1333,Pain
1334,Pain and fever
1335,Pain and inflammation
1336,Pain and inflammation associated with musculoskeletal and joint disorders
1337,Pain and itching caused by sunburn
1338,Pain and joint stiffness
1339,Pain associated with myocardial infarction
1340,Pain or irritation of the mouth and throat
1341,Pain or swelling of the cornea
1342,Painful bladder syndrome
1343,Painful muscle spasm
1344,Palliative treatment of endometrial and renal carcinoma
1345,Palliative treatment of prostatic carcinoma
1346,Pancreatic cancer
1347,Pancreatic insufficiency
1348,Pancreatitis
1349,Panic attack
1350,Panic disorder
1351,Papillitis
1352,Paracetamol poisoning
1353,Paralytic ileus
1354,Paralytic ileus and post-operative urinary retention
1355,Parasomnia
1356,Parathyroid carcinoma
1357,Paratyphoid fever
1358,Parenteral fat emulsions
1359,Parenteral nutrition
1360,Parenteral nutrition & hydration
1361,Parkinson’s disease
1362,Parkinsonism
1363,Paronychia
1364,Paroxysmal supraventricular tachycardia
1365,Partial seizures
1366,Passive immunisation against tetanus
1367,Passive immunity in the prevention & treatment of tetanus
1368,Patent ductus arteriosus
1369,Patients with Acute Myeloid Leukemia receiving induction or consolidation chemotherapy
1370,Pediatric eye examinations
1371,Pediculosis capitis
1372,Pediculosis pubis
1373,Pelvic cellulitis
1374,Pelvic Inflammatory Disease (PID)
1375,Peptic ulcer disease
1376,Percutaneous coronary intervention (PCI)
1377,Percutaneous transluminal coronary angioplasty (PTCA)
1378,Perennial or seasonal allergic rhinitis
1379,Perianal pain and itching
1380,Perianitis
1381,Pericarditis
1382,Perinatal Exposure of Infants Born to HBsAg-positive Mothers
1383,Periodontal Disease
1384,Periodontitis
1385,Periods of rapid growth childhood
1386,Peripheral arterial embolism
1387,Peripheral blood progenitor cell collection and therapy
1388,Peripheral nerve block
1389,Peripheral neuralgias: Diabetic neuropathy
1390,Peripheral neuritis
1391,Peripheral neuropathy
1392,Peripheral vascular disease
1393,Peripheral venography
1394,Peritoneal dialysis
1395,Peritoneal dialysis dependent-chronic kidney disease (PDD-CKD) patients receiving an erythropoietin
1396,Peritonitis
1397,Pernicious anemia
1398,Pertussis
1399,Phaeochromocytoma
1400,Pharyngitis
1401,Pharyngitis and tonsillitis
1402,Phobias
1403,Photoaging
1404,Photodermatitis
1405,Piles
1406,pimples and other signs of aging
1407,Pink eye
1408,Pituitary adenomas
1409,Pityriasis rubra pilaris
1410,Pityriasis versicolor
1411,Plague
1412,Plaque
1413,Plaque psoriasis
1414,Pleural effusions
1415,Pleural empyema
1416,Pneumococcal disease
1417,Pneumococcal meningitis
1418,Pneumococcal pneumonia
1419,Pneumococcus species gonorrhoea
1420,Pneumocystis jiroveci pneumonia
1421,Pneumonia
1422,Poison ivy
1423,Poison oak
1424,Poison sumac
1425,Poisoning due to foods; heavy meals & drugs
1426,Poisonings
1427,Polycystic ovarian syndrome
1428,Polycythaemia vera
1429,Polymorphic light eruption
1430,Polymyositis
1431,Porphyria
1432,Porphyria cutanea tarda
1433,Post essential thrombocythaemia myelofibrosis
1434,Post inflammatory hyperpigmentation
1435,Post myocardial infarction
1436,Post operative inflammation in the eye and ear
1437,Post polycythaemia vera myelofibrosis
1438,Post traumatic stress disorder (PTSD)
1439,Postcoital contraception
1440,Posterior segment surgery
1441,Postexposure prophylaxis of tetanus
1442,Postexposure vaccination
1443,Post-herpetic keratitis
1444,Post-herpetic neuralgia
1445,Post-menopausal osteoporosis
1446,Post-op conditions after strabotomy
1447,Postoperative bleeding
1448,Postoperative eye inflammation
1449,Postoperative infections
1450,Post-operative nausea and vomiting
1451,Postoperative ocular inflammation
1452,Postoperative pain
1453,Post-operative pain
1454,Post-operative wound dressing
1455,Postpartum and post-abortion bleeding
1456,Postpartum haemorrhage
1457,Posttraumatic or pre- and postoperative otitis externa
1458,Post-traumatic stress disorder
1459,Postural hypotension
1460,Prader Willi syndrome
1461,Pre & post operative cough
1462,Pre-eclampsia
1463,Pregnancy
1464,Pregnancy and lactation
1465,Pregnancy-associated nausea and vomiting
1466,Premalignant cervical lesions and cervical cancer
1467,Premature ejaculation
1468,Premature labour
1469,Premedication in surgery
1470,Premenstrual dysmorphic disorder
1471,Premenstrual syndrome
1472,Pre-operative and post-operative skin cleansing
1473,Pre-operative antimuscarinic agent
1474,Preoperative hand disinfection
1475,Pre-operative or post-operative sedation
1476,Pre-operative scrubbing & washing
1477,Preoperative sedation
1478,Pre-operative skin disinfection
1479,Pre-Operative Supplements
1480,Preparation for thyroidectomy
1481,Pressure sores
1482,Prevent aging
1483,Prevent cardiovascular and immunological disorders
1484,Prevent certain types of cancer by blocking the formation of cancer causing substances in the body
1485,Prevent gout
1486,Prevent kidney stone
1487,Prevent nitrogen loss
1488,Prevent the development of infections and permit wound healing
1489,Prevent vitamin deficiency and restore lost vitality after illness
1490,Prevention & control of bleeding in Factor VIII deficiency
1491,Prevention and treatment of vitamin deficiency in children and infants.
1492,Prevention of gallstones
1493,Prevention of gout and kidney stones
1494,Prevention of infections after bone marrow transplantation
1495,Prevention of itching associated with allergic conjunctivitis
1496,Prevention of measles
1497,Prevention of recurrent UTI and vaginal Infections
1498,Prevention of rejection in organ and tissue transplantation
1499,Prevention of typhoid
1500,Primary amoebic meningoencephalitis
1501,Primary antibodies deficiency
1502,Primary biliary cholangitis (PBC)
1503,Primary biliary cirrhosis
1504,Primary dysbetalipoproteinemia
1505,Primary dysmenorrhoea
1506,Primary hypercholesterolemia
1507,Primary irritant and allergic dermatitis (napkin rash)
1508,Primary or secondary topical infections
1509,Primary ovarian failure
1510,Primary rubella in pregnant women
1511,Proctitis
1512,Production of cycloplegia
1513,Production of mydriasis
1514,Productive cough
1515,Progestogen component in menopausal hormonal replacement therapy
1516,Progressive loss of hearing
1517,Prolactinomas
1518,Prolonged vomiting
1519,Promote the quality and quantity of milk
1520,Promotes muscle growth
1521,Proper development of the baby in pregnant and nursing mothers
1522,Prophylaxis and therapy of protein deficiency
1523,Prophylaxis for acid aspiration syndrome during induction of anaesthesia
1524,Prophylaxis of acute renal graft rejection
1525,Prophylaxis of cardiac graft rejection
1526,Prophylaxis of clotting in extracorporeal circulation in haemodialysis or haemofiltration
1527,Prophylaxis of cytomegaloviral infections
1528,Prophylaxis of omphalitis
1529,Prophylaxis of organ rejection
1530,Prophylaxis of osteoporosis in postmenopausal women
1531,Prophylaxis of surgical infections
1532,Prophylaxis of uterine atony and excessive bleeding after caesarean section
1533,Prophylaxis of venous thromboembolism during surgery
1534,Prostate carcinoma
1535,Prostatic or bladder surgery
1536,Prostatitis
1537,Protect sensitive skin
1538,Protecting against cancer
1539,Protection from harmful UV rays
1540,Protects eyes from cataract and age-related macular degeneration (AMD)
1541,Protects from Parkinson's disease
1542,Protein deficiency or Sarcopenia
1543,Protein supply for peritoneal nutrition
1544,Protozoal infections
1545,Prurigo nodularis
1546,Pruritic skin conditions
1547,Pruritus
1548,Pruritus and eczema
1549,Pruritus ani
1550,Pseudohypoparathyroidism (PHP)
1551,Psittacosis
1552,Psoriasis
1553,Psoriatic arthritis
1554,Psoriatic plaques
1555,Psychogenic amenorrhea
1556,Psychoneurosis
1557,Psychoses in parkinson’s disease
1558,Psychosis
1559,Psychotic disorders
1560,Pulmonary arterial hypertension
1561,Pulmonary embolism
1562,Pulmonary eosinophilia
1563,Pulmonary oedema
1564,Pulmonary thromboembolism
1565,Pyelonephritis
1566,Pylorospasm
1567,Pyoderma
1568,Pyoderma gangrenosum
1569,Pyodermas
1570,Pyogenic & seborrhoeic dermatitis
1571,Q fever
1572,Radiographic contrast medium for diagnostic procedures
1573,Raised intracranial pressure
1574,Rapid eye movement
1575,Rash and pruritus in a variety of condition
1576,Rashes
1577,Rat bite fever
1578,Raynaud's disease
1579,RBC formation and proper cell functioning
1580,Receiving a kidney transplant
1581,Recurrent miscarriage
1582,Recurrent renal stones
1583,Recurrent unipolar depression
1584,Recurrent UTI
1585,Red eye
1586,Reduce peristalsis
1587,Reduce risk of infertility
1588,Reduce the risk of getting HIV-1 infection
1589,Reduce the risk of preterm birth in women
1590,Reducing cholesterol levels
1591,Reduction of raised intracranial pressure
1592,Reduction of unwanted facial hair in women
1593,Reflux oesophagitis
1594,Refractive errors
1595,Refractory angina pectoris where nitrate therapy has failed
1596,Regional anesthesia
1597,Relapsing fever and louse-borne typhus
1598,Relieve pain
1599,Removal of earwax
1600,Removal of foreign bodies
1601,Removal of sutures
1602,Renal and urinary tract infections
1603,Renal angiomyolipoma
1604,Renal cancers
1605,Renal cell carcinoma
1606,Renal colic
1607,Renal disease
1608,Renal disease and vitamin B12 deficiency
1609,Renal function testing
1610,Renal homotransplantation
1611,Renal impairment
1612,Renal insufficiency
1613,Renal osteodystrophy
1614,Renal stone
1615,Renal transplant
1616,Renal tubular acidosis
1617,Repairs; restores & protects dry skin & sensitive skin conditions
1618,Replacement therapy in adrenocortical insufficiency
1619,Reproductive tract infection and skin infections
1620,Resistant depression
1621,Respiratory Distress Syndrome (RDS) in premature infants.
1622,Respiratory tract infections
1623,Restless leg syndrome
1624,Restlessness
1625,Resuscitation
1626,Retinal hemorrhage
1627,Retinal photography
1628,Retinoblastoma
1629,Reversal of neuromuscular blockade
1630,Reverse residual neuromuscular blockade
1631,Rhesus disease
1632,Rheumatic disorders
1633,Rheumatic fever
1634,Rheumatic pain
1635,Rheumatism strains
1636,Rheumatoid arthritis
1637,Rhinitis
1638,Rhinorrhoea
1639,Riboflavin deficiency
1640,Rickets
1641,Rigidity
1642,Rocky mountain spotted fever
1643,Root canal operation
1644,Rosacea
1645,Rosacea melasma
1646,Rotavirus diarrhea
1647,Rough & defective voice
1648,Rough skin
1649,Roughness and fine wrinkling of photodamaged skin
1650,Rrinkles
1651,Rubella
1652,Runny nose
1653,Salmonellosis
1654,Salt losing adrenogenital syndrome
1655,Sarcoma
1656,Scabies
1657,Scaling skin conditions
1658,Scalp and non-scalp psoriasis
1659,Scalp disorders
1660,Scalp psoriasis
1661,Scaly or itchy scalps
1662,Scaly skin disease
1663,Scborrhea
1664,Scedosporiosis and fusariosis
1665,Schistosomiasis
1666,Schizoaffective Disorder
1667,Schizophrenia
1668,Scleritis
1669,Scrapes
1670,Scratches
1671,Scrub typhus
1672,Scurvy
1673,Seasonal allergic rhinitis
1674,Seborrhea
1675,Seborrheic dermatitis of the scalp
1676,Seborrhoeic dermatitis
1677,Second stage of labor
1678,Secondarily infected dermatoses
1679,Secondary amenorrhoea
1680,Secondary hemorrhage
1681,Secondary hyperparathyroidism
1682,Secondary skin infections
1683,Secretory neoplasms
1684,Sedation
1685,Seizures
1686,Seizures associated with lennox-gastaut syndrome
1687,Senile lentigines
1688,Senile pruritus
1689,Sepsis
1690,Sepsis gonorrhea
1691,Septic abortion
1692,Septic arthritis
1693,Septicemia
1694,Serious staphylococcal or other gram-positive infections
1695,Serum sickness
1696,Severe allergic asthma
1697,Severe anxiety disorders
1698,Severe bronchospasm
1699,Severe burns
1700,Severe congestive heart failure
1701,Severe diarrhea
1702,Severe erythema multiforme (Stevens-Johnson syndrome)
1703,Severe gram-negative infections
1704,Severe hemorrhage
1705,Severe hypertension
1706,Severe idiopathic short stature
1707,Severe inflammatory skin disorders
1708,Severe metabolic acidosis
1709,Severe or recurrent respiratory tract infections
1710,Severe Primary Axillary Hyperhidrosis
1711,Sexual Exposure to an HBsAg-positive Person
1712,Shift work disorder (SWD)
1713,Shigellosis
1714,Shock
1715,Short bowel syndrome
1716,Shortness
1717,Short-term pain relief
1718,Shoulder pain
1719,Sialorrhea
1720,Sickle-cell disease
1721,Sinusitis
1722,Sjogren’s syndrome
1723,Skeletal muscle relaxation
1724,Skin & nervous system
1725,Skin and skin sructure infections
1726,Skin and soft tissue infections
1727,Skin and wound infections
1728,Skin care
1729,Skin damage from ultraviolet (UV) light
1730,Skin fungal infections
1731,Skin grafting
1732,Skin grafts
1733,Skin healthness
1734,Skin infections
1735,Skin irritations
1736,Skin moisturization
1737,Skin mycosis (athlete's foot; trichophytia)
1738,Skin rash
1739,Skin ulcers and wounds
1740,Slit lamp examination
1741,Sluggishness
1742,Small cell lung cancer
1743,Smoking cessation
1744,Smoking cessation aid
1745,Smooth muscle spasm of the gastrointestinal disorder
1746,Sneezing
1747,Social anxiety disorder
1748,Social phobia
1749,Sodium Chloride deficiency
1750,Soft tissue infections
1751,Soft tissue inflammation
1752,Soft tissue sarcoma
1753,Solar urticaria
1754,Solid tumours
1755,Sore gums
1756,Sore lips
1757,Sore throat
1758,Soreness and discomfort due to hemorrhoids
1759,Source of water
1760,Spasm
1761,Spastic or irritable colon
1762,Spasticity
1763,Spasticity and muscle spasms
1764,Spermatogenesis induction
1765,Spinal anesthesia
1766,Spinal automatism and discopathy
1767,Spondylitis
1768,Spontaneous or elective abortion
1769,Sprains
1770,Spring catarrh
1771,Squamous cell or testicular tumours
1772,Stabilize blood sugar
1773,Stable plaque psoriasis
1774,Staphylococcal infections
1775,Staphylococcal infections resistant to benzylpenicillin
1776,Staphylococcal skin infections
1777,Status asthmaticus
1778,Status epilepticus
1779,ST-elevation myocardial infarction (STEMI)
1780,Stent thrombosis
1781,Steroid-responsive inflammatory ocular conditions
1782,Stevens-Johnson syndrome
1783,Stiff neck
1784,Stiffness
1785,Stimulate ovulation
1786,Stimulation of follicle growth
1787,Stings
1788,Stomach carcinoma
1789,Stomach distension
1790,Stomach upset
1791,Stomatitis
1792,Stomatitis angularis
1793,Strabismus
1794,Strains
1795,Strength and endurance & immune system
1796,Streptococcal pharyngitis
1797,Streptococcal pharyngitis or tonsillitis
1798,Streptococcus septicaemia
1799,Stress ulceration of upper Gl
1800,Stress urinary incontinence
1801,Stridor
1802,Stroke
1803,Stroke in patients with hypertension and left ventricular hypertrophy.
1804,Stroke prevention
1805,Strongyloidiasis
1806,Subacute bacterial endocarditis
1807,Subarachnoid anesthesia
1808,Subarachnoid haemorrhage
1809,Substance abuse disorder
1810,Sugar substitute
1811,Sunblock
1812,Sunburn
1813,Superficial bacterial infections
1814,Superficial bleeding
1815,Superficial dermatophyte infections and pityriasis versicolor
1816,Superficial ophthalmic infections
1817,Superficial punctate keratitis
1818,Superficial skin infections
1819,Superficial wounds
1820,Supplement for intravenous nutrition
1821,Supplement in adrenal insufficiency during minor surgery under general anaesthesia
1822,Supplement in adrenal insufficiency during moderate or major surgery
1823,Supports normal prostate function
1824,Suprapubic pain
1825,Supraventricular and ventricular arrhythmias
1826,Supraventricular arrhythmias
1827,Supraventricular tachycardia
1828,Surface anaesthesia
1829,Surface disinfection
1830,Surgery
1831,Surgery (haemorrhagic shock)
1832,Surgical aid in the anterior segment
1833,Surgical anaesthesia
1834,Surgical incisions
1835,Surgical infections
1836,Surgical prophylaxis
1837,Susceptible infections
1838,Suspected glaucoma
1839,Suspected or confirmed COVID-19
1840,Sweat rash
1841,Sweating feet
1842,Swine flu
1843,Sycosis barbae
1844,Sympathetic nerve block
1845,Syphilis
1846,Systemic fungal infections
1847,Systemic hyperfibrinolysis
1848,Systemic lupus erythematosus (SLE)
1849,Systemic sclerosis
1850,Tachycardia
1851,T-cell lymphoma
1852,Teeth cleaner & brighter
1853,Teeth whitening
1854,Teething pain
1855,Tendonitis
1856,Tension
1857,Termination of pregnancy
1858,Termination of pregnancy upto 9th week (63 days) of gestation
1859,Testicular cancer
1860,Testosterone replacement therapy
1861,Tetanus
1862,Thalassaemia
1863,Therapeutic dilution of blood
1864,Thiamine and riboflavin deficiency
1865,Thiamine deficiency
1866,Third stage of labour
1867,Threatened abortion
1868,Threatened miscarriage
1869,Threatened premature delivery
1870,Throat infections
1871,Thromboembolic disorders
1872,Thromboembolism
1873,Thrombotic cardiovascular (CV) events
1874,Thrush
1875,Thyroid cancer
1876,Thyroid storm
1877,Thyrotoxicosis
1878,Tic disorders
1879,Tinea (pityriasis) versicolor
1880,Tinea corporis (ringworm)
1881,Tinea cruris (jock itch)
1882,Tinea pedis (athlete’s foot)
1883,Tinea versicolor
1884,Tinnitus
1885,To develop immune system
1886,To prevent scurvey; beriberi; pellagra and others
1887,To reduce the need for allogenic blood tranfusion
1888,Tonic-clonic status epilepticus
1889,Tonometry
1890,Tonsillitis
1891,Tooth extraction
1892,Toothache
1893,Topical anesthesia
1894,Topical antiseptic
1895,Total or partial gastrectomy
1896,Tourette syndrome
1897,Toxaemia
1898,Toxic shock syndrome
1899,Toxocariasis
1900,Toxoplasmosis
1901,Tracheolaryngitis
1902,Tracheostomy care during anaesthesia.
1903,Trachoma
1904,Tranquilizer overdoses
1905,Transfusion reactions
1906,Transient ischemic attack
1907,Transurethral prostatic resection
1908,Trauma
1909,Traumatic hyphema
1910,Traveller’s diarrhea
1911,Treat and prevent chronic diseases like heart diseases; rheumatoid arthritis; COPD and cancer
1912,Treatment and prophylaxis of mild chronic thiamine deficiency
1913,Treatment or shock states
1914,Trichinellosis
1915,Trichinosis
1916,Trichomoniasis
1917,Trichostrongyliasis
1918,Trichotillomania
1919,Trichuriasis
1920,Trigeminal neuralgia
1921,Trophoblastic neoplasms
1922,TSH suppression
1923,Tuberculosis
1924,Tuberculous meningitis
1925,Tuberous sclerosis
1926,Tularaemia
1927,Tumor lysis syndrome
1928,tympanoplasty
1929,Type 1 DM
1930,Type 2 DM
1931,Typhoid fever
1932,Ulcer resistant to H2 receptor antagonists
1933,Ulcerative colitis
1934,Ulcerative Proctitis
1935,Ulcers
1936,Uncomplicated cystitis
1937,Uncomplicated gonorrhoea
1938,Uncomplicated pneumococcal pneumonia
1939,Uncomplicated premature labour
1940,Uncomplicated skin infections
1941,Uncomplicated UTI
1942,Unipolar and bipolar depression
1943,Unstable angina
1944,Unstable tear film
1945,Upper and lower respiratory tract infections
1946,Upper gastrointestinal haemorrhage
1947,Upper Gl bloating
1948,Urethritis
1949,Urge incontinence
1950,Uric acid nephropathy
1951,Urinary frequency and urgency
1952,Urinary incontinence
1953,Urinary tract infection
1954,Urine alkalinisation
1955,Urothelial bladder carcinoma
1956,Urothelial toxicity
1957,Urticaria
1958,Uterine atony
1959,Uterine bleeding
1960,Uterine fibroids
1961,Uterine hemorrhage
1962,UTI caused by Staphylococcus Aureus
1963,Uveal tract inflammation
1964,Uveitis
1965,Vaginal atrophy
1966,Vaginal candidiasis or thrush
1967,Vaginal dryness
1968,Vaginal leucorrhoea
1969,Vaginal or rectal irritation
1970,Vaginal thrush
1971,Vaginal trichomoniasis
1972,Vaginitis
1973,Variceal haemorrhage
1974,Varicella infection
1975,Varicella zoster (chickenpox)
1976,Varicose ulcers
1977,Vascular complications (e. g.; atherosclerosis)
1978,Vasculitis
1979,Vasomotor rhinitis
1980,Venous thromboembolism
1981,Venous thrombosis
1982,Ventricular arrhythmias
1983,Ventricular fibrillation
1984,Ventricular tachycardia
1985,Verruca
1986,Vertigo
1987,Vertigo and vestibular disorders
1988,Vestibular and visual disorders of ischaemic aetiology
1989,Vestibular disorders
1990,Vestibular neuritis
1991,Vincent’s infection
1992,Viral conjunctivitis
1993,Visceral leishmaniasis
1994,Visceral muscle spasm
1995,Visceral spasms
1996,Vitamin A deficiency
1997,Vitamin B deficiencies
1998,Vitamin B;Vitamin-C and Folic acid deficiencies
1999,Vitamin B1 deficiency
2000,Vitamin B12 deficiency
2001,Vitamin B6 deficiency
2002,Vitamin C deficiency
2003,Vitamin D deficiency
2004,Vitamin deficiency
2005,Vitamin E deficiency and peripheral neuropathy
2006,Vitamin K deficiency
2007,Vitamin K deficiency bleeding
2008,Vitamin or mineral deficiency
2009,Vitamin or mineral deficiency during pregnancy and lactation
2010,Vitamin or mineral supplement
2011,Vitamins B and Zinc deficiencies
2012,Vitiligo
2013,Vomiting
2014,Vulvovaginal candidiasis
2015,Waldenström's macroglobulinemia
2016,Waldenstrom's macroglobulinaemia
2017,Warts
2018,Water disinfection
2019,Water purification
2020,Watery eye
2021,Weight gain and calcium retention
2022,Wernicke-Korsakoff syndrome
2023,Wet age-related macular degeneration
2024,Wheezing
2025,Whipple’s disease
2026,Whooping cough
2027,Wilm's tumour
2028,Wiskott-Aldrich syndrome
2029,With percutaneous coronary intervention or coronary artery bypass graft
2030,Worm infections
2031,Wound and burn dressing
2032,Wound and ulcer cleansing
2033,Wound cleansing
2034,Wound debribement and suturing
2035,Wound infection
2036,Wound sepsis
2037,Wounds
2038,Xerophthalmia
2039,X-ray imaging
2040,Yellow fever infection
2041,Zinc & folic acid deficiency
2042,Zinc deficiency
2043,Zollinger-Ellison syndrome
